OverallQual,OverallCond,YearBuilt,YearRemodAdd,TotalBsmtSF,2ndFlrSF,LowQualFinSF,GrLivArea,BsmtFullBath,BsmtHalfBath,FullBath,HalfBath,BedroomAbvGr,KitchenAbvGr,TotRmsAbvGrd,WoodDeckSF,YrSold,SaleCondition,SalePrice
7,5,2003,2003,856,854,0,1710,1,0,2,1,3,1,8,0,2008,Normal,208500
6,8,1976,1976,1262,0,0,1262,0,1,2,0,3,1,6,298,2007,Normal,181500
7,5,2001,2002,920,866,0,1786,1,0,2,1,3,1,6,0,2008,Normal,223500
7,5,1915,1970,756,756,0,1717,1,0,1,0,3,1,7,0,2006,Abnorml,140000
8,5,2000,2000,1145,1053,0,2198,1,0,2,1,4,1,9,192,2008,Normal,250000
5,5,1993,1995,796,566,0,1362,1,0,1,1,1,1,5,40,2009,Normal,143000
8,5,2004,2005,1686,0,0,1694,1,0,2,0,3,1,7,255,2007,Normal,307000
7,6,1973,1973,1107,983,0,2090,1,0,2,1,3,1,7,235,2009,Normal,200000
7,5,1931,1950,952,752,0,1774,0,0,2,0,2,2,8,90,2008,Abnorml,129900
5,6,1939,1950,991,0,0,1077,1,0,1,0,2,2,5,0,2008,Normal,118000
5,5,1965,1965,1040,0,0,1040,1,0,1,0,3,1,5,0,2008,Normal,129500
9,5,2005,2006,1175,1142,0,2324,1,0,3,0,4,1,11,147,2006,Partial,345000
5,6,1962,1962,912,0,0,912,1,0,1,0,2,1,4,140,2008,Normal,144000
7,5,2006,2007,1494,0,0,1494,0,0,2,0,3,1,7,160,2007,Partial,279500
6,5,1960,1960,1253,0,0,1253,1,0,1,1,2,1,5,0,2008,Normal,157000
7,8,1929,2001,832,0,0,854,0,0,1,0,2,1,5,48,2007,Normal,132000
6,7,1970,1970,1004,0,0,1004,1,0,1,0,2,1,5,0,2010,Normal,149000
4,5,1967,1967,0,0,0,1296,0,0,2,0,2,2,6,0,2006,Normal,90000
5,5,2004,2004,1114,0,0,1114,1,0,1,1,3,1,6,0,2008,Normal,159000
5,6,1958,1965,1029,0,0,1339,0,0,1,0,3,1,6,0,2009,Abnorml,139000
8,5,2005,2006,1158,1218,0,2376,0,0,3,1,4,1,9,240,2006,Partial,325300
7,7,1930,1950,637,0,0,1108,0,0,1,0,3,1,6,0,2007,Normal,139400
8,5,2002,2002,1777,0,0,1795,0,0,2,0,3,1,7,171,2008,Normal,230000
5,7,1976,1976,1040,0,0,1060,1,0,1,0,3,1,6,100,2007,Normal,129900
5,8,1968,2001,1060,0,0,1060,1,0,1,0,3,1,6,406,2010,Normal,154000
8,5,2007,2007,1566,0,0,1600,0,0,2,0,3,1,7,0,2009,Normal,256300
5,7,1951,2000,900,0,0,900,0,1,1,0,3,1,5,222,2010,Normal,134800
8,5,2007,2008,1704,0,0,1704,1,0,2,0,3,1,7,0,2010,Normal,306000
5,6,1957,1997,1484,0,0,1600,1,0,1,0,2,1,6,288,2006,Normal,207500
4,6,1927,1950,520,0,0,520,0,0,1,0,1,1,4,49,2008,Normal,68500
4,4,1920,1950,649,668,0,1317,0,0,1,0,3,1,6,0,2008,Normal,40000
5,6,1966,2006,1228,0,0,1228,0,0,1,1,3,1,6,0,2008,Normal,149350
8,5,2007,2007,1234,0,0,1234,0,0,2,0,3,1,7,0,2008,Normal,179900
5,5,1959,1959,1398,0,0,1700,0,1,1,1,4,1,6,0,2010,Normal,165500
9,5,2005,2005,1561,0,0,1561,1,0,2,0,2,1,6,203,2007,Normal,277500
8,5,2004,2005,1117,1320,0,2452,0,0,3,1,4,1,9,113,2006,Normal,309000
5,5,1994,1995,1097,0,0,1097,0,0,1,1,3,1,6,392,2009,Normal,145000
5,6,1954,1990,1297,0,0,1297,0,1,1,0,3,1,5,0,2009,Normal,153000
5,7,1953,2007,1057,0,0,1057,1,0,1,0,3,1,5,0,2010,Abnorml,109000
4,5,1955,1955,0,0,0,1152,0,0,2,0,2,2,6,0,2008,AdjLand,82000
6,5,1965,1965,1088,0,0,1324,0,0,2,0,3,1,6,0,2006,Abnorml,160000
5,6,1959,1959,1350,0,0,1328,0,1,1,1,2,1,5,0,2007,Normal,170000
5,7,1983,1983,840,0,0,884,1,0,1,0,2,1,5,240,2007,Normal,144000
5,6,1975,1980,938,0,0,938,1,0,1,0,3,1,5,145,2008,Normal,130250
5,6,1959,1959,1150,0,0,1150,1,0,1,0,3,1,6,0,2006,Normal,141000
9,5,2005,2005,1752,0,0,1752,1,0,2,0,2,1,6,196,2010,Normal,319900
7,5,2003,2003,1434,631,0,2149,1,0,1,1,1,1,6,168,2009,Abnorml,239686
8,5,2006,2006,1656,0,0,1656,0,0,2,0,3,1,7,0,2007,Normal,249700
4,5,1920,2008,736,716,0,1452,0,0,2,0,2,3,8,0,2009,Partial,113000
5,7,1966,1966,955,0,0,955,1,0,1,0,3,1,6,0,2007,Normal,127000
6,6,1997,1997,794,676,0,1470,0,1,2,0,3,1,6,0,2007,Normal,177000
6,6,1934,1950,816,0,360,1176,0,0,1,0,3,1,6,112,2006,Normal,114500
5,5,1963,1963,816,0,0,816,1,0,1,0,2,1,5,106,2010,Normal,110000
9,5,1981,1987,1842,0,0,1842,2,0,0,1,0,1,5,857,2006,Normal,385000
5,5,1955,1955,384,0,0,1360,0,0,1,0,3,1,6,0,2007,Normal,130000
6,5,1964,1964,1425,0,0,1425,0,0,2,0,3,1,7,0,2008,Normal,180500
8,5,1999,2000,970,756,0,1739,1,0,2,1,3,1,7,115,2009,Abnorml,172500
7,5,2004,2004,860,860,0,1720,0,0,2,1,3,1,7,0,2006,Normal,196500
10,5,2006,2006,1410,1519,0,2945,0,0,3,1,3,1,10,192,2006,Partial,438780
5,7,1972,1972,780,0,0,780,0,0,1,0,2,1,4,196,2008,Normal,124900
6,5,2004,2004,1158,0,0,1158,1,0,1,1,3,1,5,0,2006,Partial,158000
5,7,1920,1996,530,530,0,1111,0,0,1,0,3,1,6,0,2007,Normal,101000
8,5,2006,2006,1370,0,0,1370,0,0,2,0,2,1,6,120,2007,Normal,202500
7,6,1921,1950,576,808,0,1710,0,0,2,0,3,1,9,12,2010,Normal,140000
7,5,1997,1998,1057,977,0,2034,1,0,2,1,3,1,8,576,2009,Normal,219500
8,5,2004,2005,1143,1330,0,2473,0,0,2,1,4,1,9,192,2007,Normal,317000
7,5,1970,1989,1947,0,0,2207,1,0,2,0,3,1,7,301,2010,Normal,180000
7,5,2003,2003,1453,0,0,1479,1,0,2,0,3,1,7,144,2007,Normal,226000
4,6,1945,1950,747,0,0,747,0,0,1,0,2,1,4,0,2010,Normal,80000
7,4,1953,1953,1304,983,0,2287,0,0,2,0,3,1,7,0,2006,Normal,225000
7,6,1973,1973,2223,0,0,2223,1,0,2,0,3,1,8,300,2007,Normal,244000
4,6,1982,2006,845,0,0,845,1,0,1,0,2,1,4,0,2007,Normal,129500
7,5,1998,1998,832,833,0,1718,0,0,2,1,3,1,7,0,2009,Normal,185000
5,7,1954,2003,1086,0,0,1086,1,0,1,0,3,1,6,0,2010,Normal,144900
3,6,1915,1950,840,765,0,1605,0,0,2,0,3,2,8,0,2010,Normal,107400
4,5,1973,1973,462,462,0,988,1,0,1,0,2,1,5,120,2009,Normal,91000
4,7,1956,1956,952,0,0,952,0,0,1,0,2,1,4,0,2008,Normal,135750
5,5,1948,2001,672,213,0,1285,1,0,1,0,2,1,6,0,2008,Normal,127000
4,5,1968,1968,1768,0,0,1768,0,0,2,0,4,2,8,0,2010,Normal,136500
5,6,1910,1981,440,548,0,1230,0,0,1,1,2,1,5,74,2009,Normal,110000
6,6,1968,1968,896,960,0,2142,0,0,2,1,4,1,8,0,2009,Normal,193500
6,5,1998,1998,1237,0,0,1337,1,0,2,0,2,1,5,0,2006,Normal,153500
8,5,2007,2007,1563,0,0,1563,0,0,2,0,3,1,6,144,2008,Normal,245000
5,5,1960,1960,1065,0,0,1065,0,0,1,1,3,1,6,74,2007,Normal,126500
7,5,1995,1996,384,670,0,1474,0,0,2,1,3,1,7,120,2009,Normal,168500
8,5,1991,1992,1288,1116,0,2417,0,0,2,1,4,1,9,127,2006,Normal,260000
6,5,2005,2005,684,876,0,1560,0,0,2,1,3,1,6,100,2009,Normal,174000
6,5,2009,2009,612,612,0,1224,0,0,2,1,2,1,4,0,2009,Partial,164500
3,2,1915,1982,1013,0,513,1526,0,0,1,0,2,1,6,0,2009,Abnorml,85000
4,5,1994,1995,990,0,0,990,1,0,1,0,3,1,5,0,2007,Normal,123600
4,5,1950,1950,0,0,0,1040,0,0,1,0,2,1,4,0,2006,Normal,109900
5,3,1961,1961,1235,0,0,1235,0,0,1,0,2,1,6,0,2006,Abnorml,98600
5,7,1921,2006,876,0,0,964,1,0,1,0,2,1,5,0,2009,Normal,163500
6,6,1910,1998,1214,1031,0,2291,0,1,2,0,4,2,9,0,2007,Normal,133900
6,5,1997,1997,824,881,0,1786,1,0,2,1,3,1,7,0,2007,Normal,204750
6,8,1993,1993,680,790,0,1470,0,0,2,1,3,1,6,232,2009,Normal,185000
7,5,1999,1999,1588,0,0,1588,0,0,2,0,3,1,6,158,2006,Normal,214000
4,5,1965,1965,960,0,0,960,1,0,1,0,3,1,6,120,2007,Normal,94750
5,5,1920,1950,458,0,0,835,0,0,1,0,2,1,5,0,2010,Abnorml,83000
4,5,1959,1959,950,0,0,1225,1,0,1,1,3,1,6,352,2010,Normal,128950
6,7,1977,2001,1610,0,0,1610,1,0,2,0,3,1,6,168,2010,Normal,205000
6,5,1985,1985,741,755,0,1732,0,0,2,1,3,1,7,192,2010,Normal,178000
5,5,1979,1979,0,0,0,1535,0,0,2,0,4,2,8,0,2009,Alloca,118964
7,5,2009,2009,1226,0,0,1226,0,0,2,0,3,1,6,0,2010,Normal,198900
7,4,1931,1950,1040,592,0,1818,0,0,1,1,4,1,7,0,2007,Normal,169500
8,5,2003,2004,1053,939,0,1992,0,0,2,1,3,1,9,140,2008,Normal,250000
4,7,1885,1995,641,0,0,1047,0,0,1,0,2,1,6,0,2007,Normal,100000
5,5,1948,1950,789,0,0,789,0,0,1,0,2,1,5,0,2008,Partial,115000
5,7,1919,2005,793,520,0,1517,0,0,2,0,3,1,7,0,2007,Normal,115000
6,6,1977,1977,1844,0,0,1844,0,0,2,0,3,1,7,0,2010,Normal,190000
6,4,1954,1972,994,639,0,1855,0,0,2,0,4,1,7,182,2006,Normal,136900
7,5,2000,2000,384,656,0,1430,0,0,2,1,3,1,7,180,2010,Normal,180000
7,5,2007,2007,1264,1414,0,2696,1,0,2,1,4,1,10,120,2007,Partial,383970
6,5,1953,1953,1809,0,0,2259,1,0,2,0,3,1,7,166,2007,Abnorml,217000
6,8,1945,2002,1028,884,0,2320,1,0,2,1,3,1,9,224,2007,Normal,259500
6,5,1999,1999,729,729,0,1458,0,0,2,1,2,1,5,0,2007,Normal,176000
5,5,1962,1962,1092,0,0,1092,0,1,1,0,3,1,6,0,2009,Normal,139000
5,5,2006,2007,1125,0,0,1125,0,0,1,1,2,1,5,80,2007,Partial,155000
7,5,1990,1990,1673,1523,0,3222,1,0,3,0,5,1,11,367,2010,Normal,320000
6,5,2005,2006,728,728,0,1456,0,0,2,1,3,1,8,0,2006,Partial,163990
6,5,1969,1969,938,0,0,988,1,0,1,0,1,1,4,0,2006,Normal,180000
4,5,1939,1950,732,351,0,1123,0,0,1,0,3,1,4,0,2007,Normal,100000
6,7,1958,1958,1080,0,0,1080,0,0,1,0,3,1,5,0,2008,Normal,136000
6,5,1993,1993,1199,0,0,1199,0,0,2,0,2,1,5,0,2008,Normal,153900
6,5,1979,1998,1362,0,0,1586,0,0,2,0,3,1,7,192,2009,Normal,181000
6,8,1935,1982,520,0,234,754,1,0,1,0,2,1,5,53,2006,Normal,84500
6,5,1976,1976,1078,0,0,958,0,0,2,0,2,1,5,0,2007,Normal,128000
5,7,1930,1950,672,0,0,840,0,0,1,0,3,1,5,0,2007,Normal,87000
6,5,1966,1966,660,688,0,1348,0,0,1,1,3,1,6,188,2006,Normal,155000
5,7,1958,1991,1008,0,0,1053,0,1,1,1,3,1,6,0,2006,Abnorml,150000
7,6,1966,1966,924,941,0,2157,0,0,2,1,4,1,8,105,2006,Normal,226000
6,5,2000,2000,992,1032,0,2054,1,0,2,1,3,1,7,24,2009,Normal,244000
5,6,1959,2002,1063,0,0,1327,1,0,1,0,3,1,7,0,2007,Normal,150750
8,5,2001,2002,1267,0,0,1296,1,0,2,0,2,1,6,192,2009,Normal,220000
5,6,1968,1993,1461,0,0,1721,0,0,2,1,3,1,7,0,2006,Normal,180000
7,6,1970,1970,1304,0,0,1682,0,0,2,0,3,1,7,98,2008,Normal,174000
5,5,1967,1967,1214,0,0,1214,0,0,2,0,3,1,5,0,2007,Normal,143000
7,5,1988,1989,1907,0,0,1959,0,0,3,0,5,2,9,0,2006,Family,171000
8,5,1999,2000,1004,848,0,1852,0,0,2,1,3,1,7,224,2008,Normal,230000
6,5,1997,1997,928,836,0,1764,1,0,2,1,3,1,7,276,2009,Normal,231500
4,5,1971,1971,864,0,0,864,0,0,1,0,3,1,5,0,2010,Normal,115000
7,5,2005,2005,1734,0,0,1734,1,0,2,0,3,1,7,160,2006,Normal,260000
5,4,1952,1952,910,475,0,1385,0,0,2,0,4,1,6,0,2010,Normal,166000
7,5,1999,1999,1490,0,0,1501,1,0,2,0,3,1,6,144,2009,Normal,204000
5,5,1963,1963,1728,0,0,1728,1,0,2,0,6,2,10,0,2006,Abnorml,125000
6,5,2004,2006,970,739,0,1709,0,0,2,0,3,1,7,0,2006,Normal,130000
5,7,1931,1993,715,0,0,875,1,0,1,0,2,1,5,48,2009,Normal,105000
7,5,2001,2001,884,1151,0,2035,0,0,2,1,3,1,8,144,2010,Normal,222500
7,5,2004,2005,1080,0,0,1080,1,0,1,0,3,1,6,0,2008,Normal,141000
5,4,1936,1950,896,448,0,1344,0,0,1,0,3,1,7,200,2006,Normal,115000
5,6,1975,1975,969,0,0,969,0,0,1,1,3,1,5,0,2007,Normal,122000
8,5,2007,2008,1710,0,0,1710,1,0,2,0,2,1,6,0,2008,Partial,372402
6,5,1971,1971,825,896,0,1993,0,0,2,1,4,1,8,0,2006,Normal,190000
6,7,1960,1975,1602,0,0,1252,1,0,1,0,1,1,4,409,2008,Normal,235000
6,5,1923,1950,1200,0,0,1200,0,0,1,0,4,1,7,0,2006,Family,125000
6,5,1924,1950,572,524,0,1096,0,0,1,0,2,1,5,0,2008,Normal,79000
5,7,1950,1950,0,0,0,1040,0,0,1,0,2,1,5,0,2006,Normal,109500
8,5,2009,2010,774,1194,0,1968,0,0,2,1,4,1,8,0,2010,Partial,269500
7,5,2004,2005,991,956,0,1947,0,0,2,1,3,1,8,0,2010,Normal,254900
7,5,2005,2006,1392,1070,0,2462,1,0,2,1,4,1,9,239,2006,Partial,320000
6,6,1984,1984,1232,0,0,1232,0,0,2,0,3,1,6,0,2008,Normal,162500
9,5,2003,2004,1572,1096,0,2668,1,0,2,1,3,1,10,400,2008,Normal,412500
7,5,2005,2005,1541,0,0,1541,0,0,2,0,3,1,7,0,2010,Partial,220000
4,6,1956,1956,882,0,0,882,0,0,1,0,1,1,4,0,2007,Normal,103200
6,7,1926,2004,1149,467,0,1616,0,0,2,0,3,1,5,0,2007,Normal,152000
5,7,1940,1999,644,547,0,1355,1,0,2,0,4,2,6,140,2008,Normal,127500
5,5,1955,1993,1617,0,0,1867,1,0,1,0,2,1,7,476,2009,Normal,190000
8,5,2007,2007,1582,551,0,2161,1,0,1,1,3,1,8,178,2007,Partial,325624
7,5,2004,2004,840,880,0,1720,0,0,2,1,3,1,7,100,2007,Normal,183500
8,6,1981,1981,1686,0,0,1707,0,0,2,1,2,1,6,574,2006,Normal,228000
5,6,1941,1950,720,0,528,1382,0,0,1,1,2,1,7,237,2007,Normal,128500
6,5,1960,1960,1080,0,0,1656,1,0,1,0,3,1,7,210,2010,Normal,215000
7,7,1987,1987,1064,703,0,1767,1,0,2,0,2,1,5,441,2006,Normal,239000
6,5,1961,1961,1362,0,0,1362,1,0,1,1,3,1,6,0,2008,Normal,163000
6,5,1986,1986,1606,0,0,1651,1,0,2,0,3,1,7,192,2008,Normal,184000
6,7,1950,2001,1202,0,0,2158,1,0,2,0,4,1,7,0,2007,Normal,243000
6,5,1988,1989,1151,896,0,2060,0,1,2,1,4,1,8,0,2007,Normal,211000
5,5,1958,1958,1052,668,0,1920,1,0,2,0,4,1,8,0,2006,Normal,172500
9,5,2008,2009,2216,0,0,2234,1,0,2,0,1,1,9,0,2009,Partial,501837
5,6,1923,2006,968,0,0,968,0,0,1,0,2,1,5,0,2007,Normal,100000
6,5,2000,2000,756,756,0,1525,0,0,2,1,3,1,5,0,2007,Normal,177000
7,6,1920,1950,793,901,0,1802,0,0,1,1,4,1,9,0,2006,Normal,200100
5,6,1957,2006,0,0,0,1340,0,0,1,0,3,1,7,116,2007,Normal,120000
7,5,2003,2003,1362,720,0,2082,0,0,2,1,3,1,6,280,2008,Normal,200000
5,8,1908,1991,504,316,0,1252,0,0,1,0,3,1,5,104,2006,Normal,127000
10,9,1892,1993,1107,1518,572,3608,0,0,2,1,4,1,12,0,2006,Normal,475000
7,5,1990,1991,1188,0,0,1217,1,0,2,0,3,1,6,168,2009,Normal,173000
5,7,1916,1987,660,704,144,1656,0,0,2,1,3,1,8,0,2009,Normal,135000
5,5,1979,1979,1086,0,0,1224,2,0,0,2,2,2,6,120,2009,Alloca,153337
8,5,2001,2002,1593,0,0,1593,1,0,1,1,0,1,5,0,2008,Normal,286000
8,8,1932,1994,853,1178,0,2727,0,0,2,1,3,1,10,0,2007,Normal,315000
7,9,1972,2004,725,754,0,1479,1,0,1,1,4,1,7,0,2007,Normal,184000
7,5,1999,1999,1431,0,0,1431,1,0,2,0,3,1,6,0,2009,Normal,192000
7,5,2004,2004,970,739,0,1709,0,0,2,0,3,1,7,0,2006,Normal,130000
5,7,1972,1972,864,0,0,864,0,0,1,0,3,1,5,0,2008,Normal,127000
6,6,1976,1976,855,601,0,1456,0,0,2,1,3,1,7,87,2009,Normal,148500
7,5,2007,2007,1726,0,0,1726,1,0,2,0,3,1,8,171,2007,Partial,311872
8,4,1918,1990,1360,1360,392,3112,1,1,2,0,4,1,8,0,2006,Abnorml,235000
6,6,1912,1950,755,929,371,2229,0,0,1,0,5,1,8,0,2009,Abnorml,104000
8,5,2004,2005,1713,0,0,1713,1,0,2,0,3,1,7,0,2009,Normal,274900
4,5,2003,2004,1121,0,0,1121,0,0,2,0,2,1,5,132,2010,Normal,140000
6,6,1977,1977,1196,0,0,1279,0,1,2,0,3,1,6,238,2008,Normal,171500
6,6,1924,1950,617,445,0,1310,0,0,2,0,2,1,6,0,2006,Normal,112000
6,5,2004,2004,848,0,0,848,1,0,1,0,1,1,3,149,2008,Normal,149000
5,7,1947,1950,720,564,0,1284,0,0,1,1,2,1,5,0,2009,Normal,110000
7,5,1990,1990,1424,0,0,1442,0,0,2,0,3,1,5,0,2009,Normal,180500
5,5,1962,1962,1140,0,0,1696,0,0,1,1,3,1,8,0,2007,Normal,143900
4,5,1960,1960,1100,0,0,1100,1,0,1,0,3,1,6,355,2008,Normal,141000
7,5,1988,1989,1157,882,0,2062,1,0,2,1,3,1,7,60,2007,Normal,277000
6,7,1964,1964,1092,0,0,1092,1,0,1,0,3,1,6,0,2008,Normal,145000
5,6,1925,1950,864,0,0,864,1,0,1,0,2,1,5,0,2008,Normal,98000
6,5,2009,2009,1212,0,0,1212,0,0,2,0,3,1,6,100,2010,Normal,186000
7,5,2009,2009,900,920,0,1852,1,0,2,1,3,1,7,168,2009,Partial,252678
5,5,1995,1995,990,0,0,990,0,1,1,0,3,1,5,224,2006,Normal,156000
6,7,1977,1977,689,703,0,1392,0,0,1,1,3,1,6,0,2010,Normal,161750
5,6,1957,1996,1070,0,0,1236,0,1,1,0,2,1,6,0,2006,Normal,134450
7,5,2004,2004,1436,0,0,1436,1,0,2,0,3,1,8,139,2008,Normal,210000
4,4,1925,1950,686,518,0,1328,0,0,1,0,3,1,8,0,2006,Family,107000
7,9,1939,2006,798,817,0,1954,0,1,1,1,3,1,8,0,2008,Normal,311500
7,5,2005,2006,1248,0,0,1248,0,0,2,0,2,1,5,108,2006,Partial,167240
7,5,2006,2006,1498,0,0,1498,0,0,2,0,2,1,5,351,2006,Partial,204900
6,5,2002,2002,1010,1257,0,2267,0,0,2,1,4,1,8,120,2009,Normal,200000
6,6,1975,1975,713,741,0,1552,1,0,2,1,3,1,6,209,2006,Normal,179900
4,6,1971,1971,864,0,0,864,0,0,1,0,2,1,4,216,2009,Abnorml,97000
10,5,2003,2003,2392,0,0,2392,0,0,2,0,3,1,8,248,2009,Normal,386250
5,5,1971,1971,630,672,0,1302,0,0,2,1,3,1,6,0,2009,Abnorml,112000
7,5,1995,1995,1203,1306,0,2520,0,0,2,1,4,1,9,224,2007,Abnorml,290000
6,6,1970,1970,483,504,0,987,0,0,1,1,2,1,5,0,2008,Normal,106000
5,5,1967,1967,912,0,0,912,0,0,1,0,3,1,5,0,2010,Normal,125000
7,5,2005,2006,1373,0,0,1555,0,0,2,0,2,1,7,143,2009,Normal,192500
6,6,1959,1959,1194,0,0,1194,1,0,1,0,3,1,6,0,2010,Normal,148000
8,5,1995,1996,1462,1304,0,2794,1,0,2,1,4,1,9,0,2009,Normal,403000
6,5,1972,1972,483,504,0,987,0,0,1,1,2,1,5,0,2006,Normal,94500
5,6,1976,1976,894,0,0,894,1,0,1,0,3,1,5,365,2010,Normal,128200
6,5,2002,2002,860,1100,0,1960,1,0,2,1,4,1,8,288,2010,Normal,216500
6,3,1971,1971,483,504,0,987,0,0,1,1,2,1,5,0,2008,Normal,89500
7,5,2004,2004,1414,0,0,1414,0,0,2,0,3,1,6,132,2010,Normal,185500
7,7,1993,2003,996,730,0,1744,0,0,2,1,3,1,7,370,2010,Normal,194500
8,5,2007,2007,1694,0,0,1694,0,0,2,0,3,1,7,168,2007,Partial,318000
6,4,1945,1950,735,689,0,1487,0,0,1,1,3,1,7,0,2010,Normal,113000
8,5,2008,2008,1566,0,0,1566,1,0,2,0,3,1,7,144,2010,Normal,262500
5,9,1945,1997,686,0,0,866,0,0,1,0,2,1,4,58,2007,Normal,110500
5,4,1900,1950,540,551,0,1440,0,0,1,0,3,1,6,0,2006,Normal,79000
6,6,1980,1980,626,591,0,1217,0,0,1,1,3,1,6,0,2009,Normal,120000
7,5,1994,2002,948,888,0,2110,1,0,2,1,3,1,8,0,2010,Normal,205000
7,5,1988,1988,1845,0,0,1872,0,1,2,0,3,1,6,197,2006,Normal,241500
6,8,1910,1950,1020,1020,0,1928,0,0,2,0,4,2,9,0,2006,Normal,137000
6,5,1954,1954,1367,0,0,1375,0,0,1,0,2,1,5,0,2006,Normal,140000
7,5,2003,2003,840,828,0,1668,0,0,2,1,3,1,8,144,2007,Normal,180000
6,7,1958,2006,1444,700,0,2144,0,1,2,0,4,1,7,0,2007,Normal,277000
3,2,1940,1966,728,0,0,1306,0,0,1,0,3,1,6,263,2010,Normal,76500
8,5,2006,2007,1573,0,0,1625,1,1,2,0,2,1,5,123,2007,Family,235000
6,5,2004,2004,798,842,0,1640,0,0,2,1,3,1,6,138,2008,Normal,173000
6,7,1964,1991,1302,0,0,1302,0,1,2,0,3,1,7,333,2007,Normal,158000
5,6,1957,1957,1314,0,0,1314,1,0,1,0,3,1,5,250,2010,Normal,145000
7,5,1999,1999,975,1286,0,2291,0,0,2,1,4,1,8,192,2006,Normal,230000
6,5,2003,2003,864,864,0,1728,0,0,2,1,3,1,7,216,2008,Normal,207500
7,5,2006,2006,1604,0,0,1604,1,0,2,1,3,1,8,123,2009,Abnorml,220000
7,5,2001,2001,963,829,0,1792,0,0,2,1,3,1,7,0,2008,Normal,231500
5,5,1956,1956,0,0,0,882,0,0,1,0,2,1,4,0,2008,Normal,97000
6,5,1962,1962,1362,0,0,1382,1,0,1,0,3,1,6,0,2009,Normal,176000
8,5,2007,2007,1482,1092,0,2574,0,0,2,1,3,1,10,0,2007,Partial,276000
6,7,1977,1995,506,0,0,1212,1,0,1,0,3,1,6,292,2006,Normal,151000
5,7,1929,2001,926,0,390,1316,1,0,1,0,3,1,6,0,2010,Normal,130000
5,5,1925,2004,680,0,0,764,0,0,1,0,2,1,4,0,2008,Normal,73000
6,6,1981,1981,1422,0,0,1422,0,0,2,0,3,1,7,276,2008,Normal,175500
6,5,1997,1997,802,709,0,1511,1,0,2,1,3,1,8,95,2006,Normal,185000
5,8,1939,1997,720,720,420,2192,0,0,2,1,4,1,8,262,2008,Normal,179500
5,6,1940,1955,740,0,0,778,0,0,1,0,2,1,4,0,2008,Normal,120500
6,7,1976,1976,1143,0,0,1113,1,0,1,1,3,1,6,370,2007,Normal,148000
8,5,2006,2006,1095,844,0,1939,0,0,2,1,3,1,8,192,2006,Partial,266000
7,7,1954,2005,1385,0,0,1363,1,0,1,0,2,1,5,81,2008,Normal,241500
8,7,1999,2007,1152,1106,0,2270,0,0,2,1,4,1,9,132,2010,Normal,290000
6,6,1958,1988,1240,0,0,1632,1,0,2,0,3,1,6,289,2009,Normal,139000
5,7,1982,1982,816,0,0,816,0,0,1,0,2,1,5,168,2007,Normal,124500
7,7,1925,2007,952,596,0,1548,0,0,2,1,3,1,5,74,2009,Normal,205000
7,5,2003,2003,1560,0,0,1560,0,0,2,0,3,1,7,100,2010,Normal,201000
4,5,1951,1951,864,0,0,864,0,0,1,0,2,1,4,0,2010,Normal,141000
9,5,2006,2007,2121,0,0,2121,0,0,2,1,3,1,8,124,2007,Partial,415298
7,5,1977,1977,1160,866,0,2022,0,0,2,1,4,1,8,288,2008,Normal,192000
7,6,1989,1989,807,807,0,1982,0,0,2,1,3,1,7,0,2007,Normal,228500
6,5,2006,2006,1262,0,0,1262,0,0,2,0,2,1,5,0,2006,Partial,185000
7,5,2007,2008,1314,0,0,1314,1,0,2,0,2,1,6,172,2009,Normal,207500
8,5,2008,2009,1468,0,0,1468,0,0,2,0,3,1,6,210,2009,Partial,244600
6,5,1992,1992,1575,0,0,1575,1,0,2,0,2,1,5,0,2007,Normal,179200
7,5,2006,2007,625,625,0,1250,0,0,2,1,2,1,5,0,2007,Partial,164700
6,7,1962,1981,912,649,0,1734,0,0,1,1,3,1,7,0,2006,Normal,159000
4,4,1971,1971,858,0,0,858,0,0,1,0,3,1,5,0,2006,Normal,88000
5,5,1967,1967,882,0,0,900,0,0,1,0,3,1,5,0,2010,Normal,122000
6,7,1915,2003,698,698,0,1396,0,0,1,0,3,1,7,0,2007,Normal,153575
8,5,2006,2006,1079,840,0,1919,0,0,2,1,3,1,8,0,2006,Partial,233230
5,6,1912,2000,780,780,0,1716,1,0,2,0,6,1,9,0,2008,Normal,135900
5,4,1949,2008,768,568,0,1716,0,0,1,1,3,1,8,0,2009,Normal,131000
7,7,1977,1994,795,795,0,2263,1,0,2,1,3,1,9,0,2006,Normal,235000
6,5,1953,1953,1416,0,0,1644,1,0,1,0,3,1,7,110,2009,Normal,167000
6,6,1984,1984,1003,0,0,1003,1,0,1,0,3,1,6,120,2006,Normal,142500
5,5,1950,1950,910,648,0,1558,0,0,1,1,4,1,6,289,2007,Normal,152000
7,5,1997,1998,975,975,0,1950,0,0,2,1,3,1,7,0,2007,Normal,239000
6,6,1968,1968,702,702,0,1743,0,1,1,2,3,1,7,224,2007,Normal,175000
6,8,1950,2004,1092,0,0,1152,0,1,1,0,3,1,6,0,2009,Family,158500
5,5,1953,1953,1165,0,0,1336,1,0,1,0,2,1,5,0,2006,Normal,157000
8,5,1998,1999,1028,1242,0,2452,0,0,2,1,4,1,9,208,2007,Normal,267000
7,5,2001,2002,1541,0,0,1541,0,0,2,0,3,1,6,468,2006,Normal,205000
5,7,1972,1972,894,0,0,894,1,0,1,0,3,1,5,256,2006,Abnorml,149900
7,9,1880,2002,1470,1818,0,3493,0,0,3,0,3,1,10,302,2008,Normal,295000
8,5,2004,2005,2000,0,0,2000,1,0,2,0,3,1,8,168,2007,Normal,305900
7,5,1990,1991,700,1121,0,2243,1,0,2,1,4,1,8,127,2007,Normal,225000
6,7,1920,1950,319,371,0,1406,0,0,1,0,3,1,6,0,2008,Normal,89500
4,5,1940,1950,861,0,0,861,0,0,1,0,1,1,4,158,2009,Normal,82500
9,5,2003,2004,1896,0,0,1944,1,0,2,0,3,1,8,208,2006,Normal,360000
6,5,1993,1994,697,804,0,1501,0,0,2,1,3,1,6,190,2006,Normal,165600
6,6,1948,2002,972,0,0,972,1,0,1,0,2,1,5,0,2009,Normal,132000
5,7,1939,1950,793,325,0,1118,1,0,1,0,3,1,5,0,2006,Normal,119900
7,5,1965,1965,2136,0,0,2036,2,0,2,0,3,1,8,0,2009,Normal,375000
7,7,1925,1990,728,809,0,1641,0,1,1,1,3,1,6,0,2006,Normal,178000
7,5,2004,2005,716,716,0,1432,1,0,2,1,3,1,6,100,2009,Normal,188500
7,7,1980,1980,845,1200,0,2353,1,0,2,1,4,1,10,288,2009,Normal,260000
8,5,2006,2006,1088,871,0,1959,0,0,2,1,3,1,8,208,2007,Normal,270000
7,5,1993,1993,1347,1274,0,2646,1,0,2,1,4,1,9,340,2009,Normal,260000
7,5,1980,1980,1372,0,0,1472,1,0,2,0,3,1,6,233,2009,Normal,187500
9,5,2006,2006,1249,1347,0,2596,0,0,3,1,4,1,9,240,2006,Partial,342643
8,5,2004,2004,1136,1332,0,2468,1,0,2,1,4,1,10,184,2007,Normal,354000
7,5,1986,1987,1502,1177,0,2730,1,0,2,1,4,1,8,201,2007,Normal,301000
3,8,1955,2005,1162,0,0,1163,1,0,1,0,3,1,6,142,2006,Normal,126175
7,7,1967,2007,710,1080,0,2978,0,0,2,1,5,1,11,240,2010,Normal,242000
5,6,1941,1950,720,0,0,803,0,0,1,0,2,1,5,0,2007,Normal,87000
8,5,1993,1993,1719,0,0,1719,2,0,1,1,1,1,6,122,2008,Normal,324000
6,5,1960,1960,1383,0,0,1383,0,0,1,1,3,1,7,0,2006,Normal,145250
6,6,1916,1994,844,689,0,2134,0,0,2,0,5,1,10,0,2009,Normal,214500
5,5,1920,1950,596,596,0,1192,0,0,1,0,3,1,6,0,2009,Normal,78000
5,4,1964,1964,1728,0,0,1728,0,1,2,0,6,2,10,155,2007,Normal,119000
5,6,1958,1992,1056,0,0,1056,1,0,1,0,3,1,6,0,2007,Normal,139000
8,5,2003,2004,3206,0,0,1629,1,0,2,0,3,1,7,0,2009,Normal,284000
7,5,2004,2004,1358,0,0,1358,1,0,2,0,2,1,6,192,2008,Normal,207000
6,5,1998,1998,943,695,0,1638,1,0,2,1,3,1,7,100,2008,Normal,192000
5,6,1965,1965,1499,167,0,1786,2,0,2,0,3,1,7,670,2008,Normal,228950
9,5,2005,2006,1922,0,0,1922,1,0,2,0,3,1,8,178,2007,Normal,377426
7,5,2002,2003,1536,0,0,1536,1,0,2,0,3,1,7,192,2008,Normal,214000
7,7,1984,1998,1208,0,0,1621,1,0,2,0,3,1,8,108,2006,Normal,202500
6,7,1958,1998,1215,0,0,1215,0,0,1,0,3,1,6,0,2009,Normal,155000
8,5,2002,2002,967,915,0,1908,0,0,2,1,4,1,9,135,2010,Normal,202900
4,4,1950,1950,721,0,0,841,0,0,1,0,2,1,4,250,2009,Normal,82000
3,4,1949,1950,0,0,0,1040,0,0,2,0,2,2,6,0,2006,Normal,87500
9,5,2005,2005,1684,0,0,1684,0,0,2,0,2,1,6,495,2008,Normal,266000
5,3,1976,1976,536,576,0,1112,0,0,1,1,3,1,4,182,2010,Normal,85000
6,5,1939,1950,972,605,0,1577,0,0,1,0,3,1,6,0,2006,Normal,140200
6,8,1960,1998,958,0,0,958,0,0,1,0,2,1,5,0,2007,Normal,151500
6,5,1960,1960,1478,0,0,1478,1,0,2,0,3,1,6,0,2009,Normal,157500
7,5,2003,2004,764,862,0,1626,1,0,2,1,2,1,6,0,2008,Normal,154000
9,5,2005,2006,1848,880,0,2728,1,0,2,1,4,1,10,0,2006,Partial,437154
9,5,2007,2007,1869,0,0,1869,0,0,2,0,2,1,6,210,2007,Partial,318061
7,5,1986,1986,1453,0,0,1453,1,0,1,1,2,1,6,0,2006,Abnorml,190000
5,6,1941,1950,616,495,0,1111,0,1,1,0,3,1,5,48,2008,Normal,95000
6,8,1928,2003,624,0,0,720,0,0,1,0,2,1,5,106,2010,Normal,105900
6,5,1940,2000,940,403,0,1595,0,0,1,0,2,1,6,0,2006,Normal,140000
6,5,1995,1995,1200,0,0,1200,1,0,2,0,3,1,6,0,2007,Normal,177500
6,6,1992,1992,1158,0,0,1167,1,0,2,0,3,1,6,120,2009,Normal,173000
5,5,1976,1976,1142,0,0,1142,1,0,1,1,3,1,6,536,2007,Normal,134000
5,4,1958,1958,1062,0,0,1352,0,1,1,0,3,1,6,168,2006,Abnorml,130000
8,5,1998,1998,1086,838,0,1924,1,0,2,1,3,1,7,208,2006,Normal,280000
6,6,1978,1978,888,0,0,912,1,0,1,0,2,1,5,0,2007,Normal,156000
5,5,1940,1982,883,517,0,1505,1,0,1,0,3,1,8,0,2008,Normal,145000
7,5,2003,2003,0,1427,0,1922,0,0,3,0,4,1,7,0,2009,Normal,198500
6,8,1972,2007,483,504,0,987,0,0,1,1,2,1,5,250,2009,Normal,118000
6,5,1976,1976,796,784,0,1574,1,0,2,1,3,1,6,306,2006,Normal,190000
5,7,1920,1997,672,672,0,1344,0,0,1,0,3,1,6,0,2009,Normal,147000
6,5,1963,1963,1394,0,0,1394,1,0,1,1,3,1,6,0,2009,Normal,159000
6,5,1962,1962,1099,0,0,1431,0,1,1,0,3,1,6,64,2008,Normal,165000
5,6,1954,1954,1268,0,0,1268,0,0,1,0,2,1,7,0,2010,Normal,132000
5,7,1959,2006,1063,0,0,1287,1,0,1,0,3,1,7,364,2010,Normal,162000
6,5,2000,2000,953,711,0,1664,0,0,2,1,3,1,7,100,2006,Normal,172400
4,4,1959,1959,0,468,0,1588,0,0,2,0,4,1,7,0,2008,Normal,134432
6,5,1984,1984,744,0,0,752,1,0,1,0,2,1,4,353,2010,Normal,125000
5,6,1953,1953,608,0,0,1319,1,0,1,0,3,1,5,66,2009,Normal,123000
7,5,2003,2004,847,1081,0,1928,0,0,2,1,4,1,8,100,2007,Normal,219500
1,1,1922,1950,683,0,0,904,1,0,0,1,1,1,4,0,2009,Normal,61000
5,5,1996,1996,870,0,0,914,0,0,1,0,2,1,5,0,2006,Normal,148000
8,5,2004,2005,1580,886,0,2466,0,0,3,0,4,1,8,159,2007,Normal,340000
9,2,2010,2010,1856,0,0,1856,1,0,1,1,1,1,8,113,2010,Partial,394432
6,5,2000,2000,982,793,0,1800,0,0,2,1,3,1,7,100,2009,Normal,179000
5,6,1924,1950,1026,665,0,1691,0,0,2,0,3,1,6,0,2010,Normal,127000
7,5,2006,2006,1293,0,0,1301,1,0,2,0,2,1,5,216,2006,Partial,187750
7,5,2006,2006,939,858,0,1797,0,0,2,1,3,1,8,144,2007,Normal,213500
6,3,1928,1950,784,0,0,784,0,0,1,0,2,1,5,0,2009,Normal,76000
6,5,1992,1992,1580,874,0,1953,1,0,2,1,3,1,9,216,2007,Normal,240000
8,5,2004,2005,1256,0,0,1269,0,0,2,0,2,1,6,146,2010,Normal,192000
5,3,1910,1996,658,526,0,1184,0,0,1,0,5,1,8,0,2006,AdjLand,81000
6,6,1976,1976,1041,0,0,1125,1,0,1,0,3,1,6,296,2009,Abnorml,125000
7,5,1999,2000,1468,0,0,1479,0,0,2,0,3,1,6,120,2008,Normal,191000
10,5,2007,2008,1682,590,0,2332,1,0,2,1,3,1,9,196,2008,Partial,426000
5,8,1900,1950,861,406,0,1367,1,0,1,0,4,1,7,0,2008,Normal,119000
6,5,2001,2002,804,1157,0,1961,1,0,2,1,3,1,7,125,2009,Normal,215000
5,7,1959,1959,0,0,0,882,0,0,1,0,3,1,5,0,2007,Normal,106500
4,5,1941,1950,788,0,0,788,0,0,1,0,2,1,4,0,2006,Abnorml,100000
5,6,1940,1950,735,299,0,1034,0,0,1,0,2,1,5,0,2007,Normal,109000
5,6,1956,1956,1144,0,0,1144,1,0,1,0,3,1,6,44,2010,Normal,129000
5,5,1972,1972,894,0,0,894,0,0,1,0,2,1,6,215,2009,Normal,123000
5,5,1962,1962,864,936,0,1812,0,0,2,0,4,1,8,0,2007,Normal,169500
5,2,1920,1950,961,0,0,1077,0,0,1,0,2,1,6,0,2007,Abnorml,67000
7,5,2006,2007,1092,438,0,1550,1,0,2,0,2,1,7,0,2009,Normal,241000
8,5,1996,1996,1260,0,0,1288,1,0,1,1,1,1,4,120,2008,Normal,245500
7,5,2005,2005,1310,0,0,1310,0,0,2,0,3,1,6,0,2006,Partial,164990
5,8,1940,1997,672,0,0,672,0,0,1,0,2,1,4,168,2008,Normal,108000
8,5,1998,1998,1141,1098,0,2263,0,0,2,1,4,1,10,144,2006,Abnorml,258000
6,5,1995,1996,806,766,0,1572,0,0,2,1,3,1,7,0,2007,Normal,168000
4,4,1976,1993,1281,0,0,1620,1,0,2,0,3,1,8,120,2009,Normal,150000
6,5,1936,1950,1064,0,473,1639,0,0,1,0,3,1,6,0,2008,Normal,115000
6,7,1915,1976,840,840,0,1680,0,0,2,0,4,1,8,0,2008,Normal,177000
7,5,2006,2006,1063,1101,0,2172,0,0,2,1,3,1,9,192,2007,Partial,280000
8,5,2007,2008,1034,1028,0,2078,1,0,2,1,3,1,8,0,2008,Partial,339750
5,3,1958,1958,1276,0,0,1276,0,0,1,0,3,1,5,0,2009,Abnorml,60000
5,5,1955,1955,1056,0,0,1056,1,0,1,0,3,1,5,264,2006,Normal,145000
7,5,2009,2009,1470,0,0,1478,1,0,2,1,2,1,7,0,2010,Partial,222000
5,6,1927,1950,1008,0,0,1028,0,0,1,0,2,1,5,0,2010,Normal,115000
7,5,1993,1993,1080,1017,0,2097,0,1,2,1,3,1,9,196,2008,Normal,228000
7,5,2007,2007,1340,0,0,1340,0,0,2,0,3,1,6,100,2007,Partial,181134
6,7,1978,1978,672,728,0,1400,0,0,1,1,3,1,6,0,2006,Normal,149500
6,6,1918,1950,1370,1254,0,2624,1,0,2,1,4,1,10,0,2007,Normal,239000
5,6,1940,1950,756,378,0,1134,1,0,1,1,3,1,7,0,2007,AdjLand,126000
5,6,1968,1968,1056,0,0,1056,1,0,1,0,3,1,6,0,2010,Normal,142000
7,5,1997,1998,1344,0,0,1344,2,0,2,0,2,2,8,0,2008,Alloca,206300
6,7,1977,2000,1602,0,0,1602,0,1,2,0,3,1,8,240,2009,Normal,215000
5,5,1954,1954,988,0,0,988,0,0,1,0,2,1,4,0,2008,Normal,113000
8,5,1998,1998,1470,1160,0,2630,1,0,2,1,4,1,8,0,2008,Normal,315000
6,5,1956,1956,1196,0,0,1196,1,0,1,0,2,1,6,0,2008,Normal,139000
7,8,1946,1992,651,682,0,1389,0,0,1,1,3,1,6,0,2009,Normal,135000
7,5,1989,1989,1518,0,0,1644,1,1,2,0,2,1,5,80,2009,Normal,275000
4,6,1957,1957,907,0,0,907,0,0,1,0,3,1,5,0,2008,Normal,109008
7,5,2007,2007,1208,0,0,1208,1,0,2,0,2,1,6,105,2007,Partial,195400
6,5,1988,1988,1392,0,0,1412,1,0,2,0,3,1,6,0,2009,Normal,175000
6,5,1971,1971,483,504,0,987,0,0,1,1,2,1,4,0,2008,Abnorml,85400
6,7,1920,1998,901,110,0,1198,0,0,1,0,4,1,7,0,2008,Abnorml,79900
5,5,1971,1971,765,600,0,1365,1,0,1,1,2,1,6,240,2007,Normal,122500
6,5,1997,1998,926,678,0,1604,0,0,2,1,3,1,7,0,2008,Normal,181000
4,7,1972,1972,630,0,0,630,1,0,1,0,1,1,3,88,2008,Normal,81000
7,6,1996,1996,799,834,0,1661,1,0,2,1,3,1,6,158,2009,Normal,212000
6,8,1920,1950,648,384,0,1118,0,0,1,0,2,1,6,0,2006,Normal,116000
6,7,1926,2004,884,0,0,904,0,0,1,0,2,1,4,0,2009,Normal,119000
5,6,1913,2002,440,0,0,694,0,0,1,0,2,1,4,0,2007,Normal,90350
6,8,1920,2000,684,512,0,1196,0,0,1,0,3,1,7,0,2009,Normal,110000
10,5,2008,2008,3094,0,0,2402,1,0,2,0,2,1,10,0,2009,Normal,555000
4,4,1955,1955,1440,0,0,1440,0,0,2,0,4,2,8,0,2008,Normal,118000
5,7,1930,1992,1078,445,0,1573,0,0,2,0,3,1,8,0,2008,Normal,162900
7,5,2006,2007,1258,0,0,1258,0,0,2,0,2,1,6,144,2007,Partial,172500
7,5,1994,1995,915,975,0,1908,1,0,2,1,4,1,8,144,2008,Normal,210000
6,5,1956,1956,1436,0,0,1689,0,0,1,0,3,1,7,0,2009,Normal,127500
6,6,1966,2002,1517,0,0,1888,0,0,2,1,2,1,6,0,2010,Normal,190000
7,5,1998,1999,930,930,0,1886,0,0,2,1,4,1,10,89,2006,Normal,199900
6,6,1937,1950,780,596,0,1376,0,0,2,0,3,1,7,0,2006,Normal,119500
3,7,1948,2002,649,504,0,1183,0,0,1,1,2,1,6,0,2007,Normal,120000
6,8,1930,2005,813,0,0,813,0,0,1,0,2,1,5,0,2006,Normal,110000
7,5,1975,1975,1533,0,0,1533,1,0,2,0,2,1,5,200,2006,Normal,280000
6,5,1996,1997,872,868,0,1756,1,0,2,1,3,1,7,144,2007,Normal,204000
8,5,2008,2008,768,804,0,1590,0,0,2,1,3,1,6,0,2009,Normal,210000
5,5,1976,1976,1728,0,0,1728,2,0,2,0,4,2,8,0,2006,Family,188000
7,6,1973,1973,1242,0,0,1242,0,0,1,1,3,1,6,0,2007,Normal,175500
5,5,1916,1950,624,720,0,1344,0,0,1,0,4,1,7,0,2008,Abnorml,98000
4,6,1954,1994,1364,0,0,1663,1,0,1,0,2,1,6,224,2008,Normal,256000
8,7,1925,1996,588,833,0,1666,0,0,1,0,3,1,7,192,2008,Normal,161000
5,4,1950,1950,709,224,0,1203,1,0,1,0,3,1,5,0,2009,Normal,110000
8,5,2009,2009,832,1103,0,1935,1,0,2,1,3,1,8,0,2009,Partial,263435
7,9,1936,2007,560,560,0,1135,1,0,1,0,3,1,6,256,2009,Normal,155000
5,5,1965,1965,864,0,0,864,0,0,1,0,3,1,5,0,2009,Normal,62383
6,7,1934,1995,715,811,0,1660,0,0,1,1,3,1,6,0,2008,Normal,188700
5,5,1978,1978,1040,0,0,1040,0,0,2,0,3,1,5,0,2009,Normal,124000
7,5,2004,2004,1375,0,0,1414,0,0,2,0,2,1,6,144,2006,Normal,178740
7,5,1970,1970,1277,0,0,1277,1,0,1,0,2,1,5,0,2007,Normal,167000
5,7,1942,1995,728,756,0,1644,0,0,1,1,3,1,7,168,2007,Normal,146500
8,5,2006,2006,1626,0,0,1634,0,0,2,0,3,1,7,0,2007,Normal,250000
6,5,1993,1993,832,878,0,1710,0,0,2,1,3,1,7,144,2008,Normal,187000
8,5,1985,1985,1488,0,0,1502,1,0,1,1,1,1,4,0,2010,Normal,212000
7,6,1977,1977,808,808,0,1969,0,0,2,1,3,1,8,0,2007,Normal,190000
6,5,2005,2005,547,0,0,1072,1,0,1,0,2,1,5,0,2008,Normal,148000
8,5,2006,2007,1976,0,0,1976,1,0,2,0,2,1,7,250,2007,Partial,440000
8,5,2000,2000,1494,0,0,1652,1,0,2,0,2,1,6,96,2007,Normal,251000
5,6,1963,1963,970,0,0,970,1,0,1,0,2,1,5,0,2007,Normal,132500
6,5,1997,1998,1478,0,0,1493,1,0,2,0,3,1,7,140,2008,Normal,208900
9,5,2006,2006,2153,574,0,2643,0,0,2,1,3,1,9,414,2007,Normal,380000
8,5,2007,2008,1705,0,0,1718,1,0,2,0,3,1,7,208,2009,Normal,297000
4,7,1937,2000,907,0,0,1131,0,0,1,0,2,1,7,0,2007,Alloca,89471
9,5,2004,2005,1833,0,0,1850,1,0,2,0,3,1,8,519,2006,Normal,326000
9,5,2003,2004,1792,0,0,1792,1,0,2,0,2,1,6,206,2006,Normal,374000
7,8,1915,2005,910,910,0,1826,1,0,1,1,4,1,7,0,2009,Normal,155000
6,5,1998,1998,1216,0,0,1216,1,0,2,0,2,1,5,0,2006,Normal,164000
5,7,1962,2001,999,0,0,999,1,0,1,0,3,1,6,0,2007,Normal,132500
5,7,1950,2007,1113,0,0,1113,0,0,1,0,3,1,5,0,2009,Normal,147000
5,7,1965,1965,1073,0,0,1073,1,0,1,1,3,1,6,0,2007,Normal,156000
5,6,1971,1971,1484,0,0,1484,0,0,2,0,3,1,7,224,2007,Normal,175000
5,4,1900,1970,954,648,0,2414,0,0,2,0,3,2,10,142,2006,Normal,160000
4,8,1970,2002,630,0,0,630,1,0,1,0,1,1,3,0,2009,Normal,86000
5,6,1976,1976,264,688,0,1304,0,0,1,1,3,1,4,141,2008,Normal,115000
6,7,1941,1950,806,620,0,1578,1,0,1,0,3,1,5,0,2006,Normal,133000
6,5,2006,2006,728,728,0,1456,0,0,2,1,3,1,8,0,2006,Partial,172785
5,6,1960,1960,1269,0,0,1269,0,0,1,1,3,1,6,0,2008,Normal,155000
5,8,1938,1996,190,0,0,886,0,0,1,0,2,1,4,144,2009,Normal,91300
4,5,1920,1950,720,0,0,720,0,0,1,0,2,1,4,0,2009,Abnorml,34900
8,5,1992,1993,3200,0,0,3228,1,0,3,0,4,1,10,264,2007,Normal,430000
7,6,1925,1950,1026,687,0,1820,1,0,2,0,4,1,8,0,2008,Normal,184000
5,7,1967,2004,864,0,0,899,0,0,1,0,3,1,5,64,2009,Normal,130000
5,7,1958,1985,912,0,0,912,0,1,1,0,2,1,5,12,2007,Normal,120000
6,5,1973,1973,672,546,0,1218,0,0,1,1,3,1,7,144,2007,Normal,113000
7,5,2005,2005,866,902,0,1768,0,0,2,1,3,1,7,0,2008,Normal,226700
5,7,1965,1965,1214,0,0,1214,1,0,1,0,2,1,6,0,2007,Normal,140000
7,8,1959,1997,1501,0,0,1801,1,0,2,0,1,1,6,0,2010,Normal,289000
6,5,1974,1974,855,467,0,1322,0,1,2,1,3,1,6,260,2009,Normal,147000
5,5,1952,1952,960,1000,0,1960,0,0,2,0,4,2,10,0,2009,Normal,124500
8,5,1993,1994,777,846,0,1911,0,0,2,1,3,1,8,182,2006,Normal,215000
6,5,2009,2009,1218,0,0,1218,0,0,2,0,2,1,4,0,2009,Partial,208300
7,9,1928,2005,689,689,0,1378,0,0,2,0,3,1,7,0,2008,Normal,161000
5,6,1959,1959,1041,0,0,1041,1,0,1,0,3,1,6,224,2009,Normal,124500
5,7,1951,2000,1008,0,0,1363,1,0,1,0,2,1,6,324,2009,Normal,164900
7,5,2005,2006,1368,0,0,1368,0,0,2,0,2,1,6,132,2006,Partial,202665
5,5,1958,1958,864,0,0,864,1,0,1,0,3,1,5,0,2006,Normal,129900
6,5,1983,1983,1084,0,0,1080,0,0,1,1,3,1,5,120,2007,Normal,134000
5,5,1926,1950,768,0,0,789,0,0,1,0,2,1,5,0,2007,Normal,96500
10,5,2009,2009,2006,0,0,2020,1,0,2,1,3,1,9,156,2009,Partial,402861
6,6,1972,1972,689,741,0,2119,0,0,2,1,3,1,7,0,2009,Abnorml,158000
7,5,1996,1997,1264,1067,0,2344,0,0,2,1,3,1,7,220,2009,Normal,265000
6,5,1998,1998,794,914,0,1796,1,0,2,1,3,1,7,0,2007,Normal,211000
7,9,1926,2004,1276,804,0,2080,0,0,1,1,3,1,9,0,2009,Normal,234000
4,7,1900,2000,0,600,0,1294,0,0,2,0,3,2,7,220,2008,Normal,106250
6,6,1957,1957,1244,0,0,1244,0,0,1,1,3,1,6,0,2007,Normal,150000
6,7,1947,1950,1004,660,0,1664,0,0,2,0,3,1,7,0,2006,Normal,159000
10,5,2007,2008,3138,1538,0,4676,1,0,3,1,3,1,11,208,2007,Partial,184750
7,5,1996,1997,1379,1015,0,2398,1,0,2,1,3,1,8,239,2007,Normal,315750
7,5,2005,2005,1257,0,0,1266,0,0,2,0,3,1,6,38,2006,Normal,176000
5,7,1956,2000,928,0,0,928,0,0,1,0,2,1,4,261,2007,Normal,132000
9,5,2008,2008,1452,1237,0,2713,1,0,2,1,3,1,11,126,2008,Partial,446261
4,7,1920,2002,528,0,0,605,1,0,1,0,2,1,5,0,2007,Normal,86000
6,3,1957,1975,2035,0,0,2515,1,0,3,0,4,2,9,0,2007,Alloca,200624
6,5,1988,1989,1461,0,0,1509,1,0,2,0,3,1,5,224,2008,Abnorml,175000
6,8,1920,1999,611,611,0,1362,0,0,2,0,3,1,6,0,2008,Normal,128000
5,7,1955,2007,0,0,0,827,0,0,1,0,2,1,5,0,2010,Normal,107500
1,3,1946,1950,0,0,0,334,0,0,1,0,1,1,2,0,2007,Normal,39300
8,5,2004,2004,707,707,0,1414,0,0,2,1,3,1,6,100,2006,Normal,178000
5,7,1910,1991,1117,527,0,1347,1,0,1,0,3,1,5,85,2008,Normal,107500
7,5,1998,1999,880,844,0,1724,0,0,2,1,3,1,8,120,2008,Normal,188000
4,5,1972,1972,864,0,0,864,0,0,1,0,3,1,5,216,2008,Normal,111250
5,5,1968,1968,1051,0,0,1159,0,0,1,1,3,1,7,466,2006,Normal,158000
8,5,2001,2002,1581,0,0,1601,1,0,2,0,3,1,6,180,2010,Normal,272000
9,5,2006,2006,1838,0,0,1838,1,0,2,0,2,1,8,270,2009,Normal,315000
8,5,2000,2000,969,1288,0,2285,0,0,2,1,4,1,8,0,2007,Normal,248000
7,5,1998,1999,1650,0,0,1680,1,0,2,0,3,1,7,78,2009,Normal,213250
7,5,1998,1998,723,0,0,767,1,0,1,0,1,1,4,120,2007,Normal,133000
7,5,2006,2006,654,832,0,1496,1,0,2,1,3,1,7,100,2006,Partial,179665
7,5,1988,1988,1204,806,0,2183,0,0,2,1,4,1,9,0,2006,Normal,229000
6,7,1923,1950,1065,720,0,1635,0,0,1,1,3,1,6,0,2007,Normal,210000
5,7,1970,1970,768,0,0,768,1,0,1,0,2,1,5,104,2007,Normal,129500
5,7,1955,1995,825,0,0,825,1,0,1,0,2,1,4,140,2008,Normal,125000
7,5,2003,2004,912,1182,0,2094,0,0,2,1,4,1,8,182,2009,Normal,263000
6,6,1977,1977,1069,0,0,1069,0,0,2,0,2,1,4,0,2008,Abnorml,140000
5,6,1957,1957,928,0,0,928,0,0,1,0,3,1,5,0,2008,Normal,112500
8,5,2006,2006,1709,0,0,1717,0,0,2,0,3,1,7,169,2009,Normal,255500
4,5,1949,2003,0,0,0,1126,0,0,2,0,2,1,5,0,2009,Normal,108000
7,5,2003,2004,998,1040,0,2046,1,0,2,1,3,1,8,320,2008,Normal,284000
5,6,1922,1950,993,0,0,1048,0,0,1,0,2,1,5,0,2006,Normal,113000
5,5,1957,1957,1092,0,0,1092,1,0,1,0,2,1,6,268,2006,Normal,141000
4,6,1920,1950,637,439,0,1336,0,0,1,1,3,1,7,0,2006,Normal,108000
7,5,1996,1997,729,717,0,1446,0,1,2,1,3,1,6,264,2008,Normal,175000
7,5,2003,2004,1374,0,0,1557,0,0,2,0,2,1,7,143,2006,Normal,234000
5,6,1957,1996,1392,0,0,1392,1,0,1,1,3,1,5,0,2010,Normal,121500
5,5,1974,1975,1389,0,0,1389,1,0,1,0,2,1,6,240,2006,Normal,170000
5,6,1940,1969,996,0,0,996,1,0,1,0,3,1,6,144,2008,Normal,108000
6,7,1918,1950,1163,511,0,1674,0,0,2,0,4,1,8,72,2008,Normal,185000
7,5,1992,2000,1095,1129,0,2295,1,0,2,1,4,1,9,0,2006,Normal,268000
6,4,1915,1950,806,806,0,1647,1,0,1,1,4,1,6,0,2010,Normal,128000
9,5,2005,2007,1122,1370,0,2504,0,0,2,1,4,1,11,144,2008,Normal,325000
7,5,2004,2004,1517,0,0,1535,0,0,2,0,3,1,7,0,2010,Normal,214000
8,8,1983,2009,1496,636,0,2132,1,0,1,1,1,1,5,349,2009,Normal,316600
5,5,1979,1979,943,0,0,943,1,0,1,0,2,1,4,42,2006,Normal,135960
5,5,1965,1965,1728,0,0,1728,0,0,2,0,6,2,10,0,2008,Normal,142600
6,6,1959,1959,864,0,0,864,1,0,1,0,2,1,4,168,2006,Abnorml,120000
7,5,2009,2009,846,846,0,1692,0,0,2,1,3,1,6,208,2009,Partial,224500
7,5,2000,2000,384,656,0,1430,0,0,2,1,3,1,8,100,2007,Normal,170000
5,7,1971,2005,372,533,0,1109,0,1,1,0,3,1,5,35,2007,Normal,139000
5,5,1947,1950,832,384,0,1216,0,0,1,0,2,1,6,158,2008,Abnorml,118500
7,7,1928,1950,861,600,0,1477,0,1,2,0,3,1,6,0,2009,Normal,145000
5,6,1966,1966,1164,0,0,1320,1,0,1,0,3,1,6,160,2006,Abnorml,164500
7,5,2007,2007,689,689,0,1392,0,0,2,0,2,1,5,0,2008,Abnorml,146000
5,5,1954,1954,1050,745,0,1795,0,0,2,0,4,1,7,0,2008,Normal,131500
6,6,1960,1987,1144,0,0,1429,0,1,1,0,3,1,7,216,2007,Normal,181900
8,5,2008,2009,2042,0,0,2042,0,0,2,1,3,1,8,0,2009,Partial,253293
6,5,1990,1990,816,0,0,816,1,0,1,0,3,1,5,0,2007,Normal,118500
10,9,1893,2000,1237,1254,0,2775,0,0,3,1,3,1,9,105,2008,Normal,325000
4,7,1935,1995,884,584,0,1573,0,0,1,0,3,1,6,0,2009,Normal,133000
8,5,2005,2006,1868,0,0,2028,1,0,2,0,2,1,7,326,2006,Partial,369900
6,7,1918,2000,816,0,0,838,1,0,1,0,2,1,5,0,2008,Normal,130000
5,6,1982,1982,840,0,0,860,1,0,1,0,2,1,4,0,2009,Normal,137000
5,8,1968,2003,1437,0,0,1473,2,0,1,0,1,1,5,0,2009,Partial,143000
5,6,1930,1960,742,0,156,935,0,0,1,0,2,1,4,0,2008,Normal,79500
7,5,2004,2004,770,812,0,1582,0,0,2,1,3,1,6,0,2008,Normal,185900
10,5,2008,2008,1722,568,0,2296,1,0,2,1,3,1,10,382,2009,Normal,451950
5,8,1982,2003,816,0,0,816,1,0,1,0,2,1,4,0,2008,Normal,138000
6,5,2003,2003,848,0,0,848,1,0,1,0,1,1,4,140,2009,Normal,140000
5,6,1975,1975,924,0,0,924,0,0,1,0,3,1,5,0,2008,Normal,110000
8,5,2005,2006,1814,0,0,1826,1,0,2,0,3,1,7,180,2006,Partial,319000
6,7,1910,1993,684,684,0,1368,0,0,1,0,3,1,7,0,2006,Normal,114504
7,5,2006,2007,1258,0,0,1402,0,2,0,2,2,1,7,120,2007,Partial,194201
5,6,1977,1977,1430,0,0,1647,1,0,2,0,3,1,7,0,2006,Normal,217500
6,6,1980,1980,716,840,0,1556,1,0,2,1,3,1,6,161,2008,Normal,151000
8,5,2005,2005,1058,846,0,1904,1,0,2,1,3,1,8,179,2006,Normal,275000
6,6,1937,1950,780,595,0,1375,0,0,1,1,3,1,6,0,2007,Normal,141000
8,5,1992,1992,908,988,0,1915,1,0,2,1,3,1,8,120,2006,Abnorml,220000
7,5,2004,2005,600,600,0,1200,0,0,2,1,2,1,4,0,2010,Normal,151000
7,5,2002,2002,1494,0,0,1494,1,0,2,0,3,1,6,192,2008,Normal,221000
7,6,1965,1990,768,800,0,1986,0,0,2,1,3,1,7,0,2009,Normal,205000
5,5,1996,1996,1040,0,0,1040,1,0,1,0,3,1,6,168,2009,Normal,152000
5,8,1948,2002,896,896,0,2008,1,0,3,0,3,1,8,103,2006,Normal,225000
8,6,1934,1998,965,1254,0,3194,0,0,2,1,4,1,10,0,2007,Alloca,359100
4,5,1961,1961,1029,0,0,1029,1,0,1,0,3,1,5,64,2007,Normal,118500
9,5,2000,2000,1440,677,0,2153,1,0,2,1,3,1,8,253,2009,Normal,313000
6,6,1978,1978,1032,0,0,1032,0,1,2,0,3,1,6,0,2007,Normal,148000
8,5,2001,2001,1299,573,0,1872,1,0,2,1,3,1,7,160,2009,Normal,261500
5,5,2007,2007,1120,0,0,1120,0,0,1,0,3,1,6,0,2007,Partial,147000
4,6,1972,1972,630,0,0,630,1,0,1,0,1,1,3,96,2010,Normal,75500
6,7,1963,1963,936,0,0,1054,1,0,1,0,3,1,6,120,2010,Abnorml,137500
6,5,2002,2003,783,702,0,1509,1,0,2,1,3,1,7,100,2006,Normal,183200
6,6,1954,1954,832,0,0,832,0,0,1,0,2,1,4,0,2008,Normal,105500
9,5,2007,2007,1822,0,0,1828,0,0,2,0,3,1,9,0,2007,Partial,314813
8,5,2003,2003,1482,780,0,2262,1,0,2,1,4,1,10,168,2008,Normal,305000
3,3,1914,1950,864,0,0,864,1,0,1,0,2,1,5,0,2008,Normal,67000
6,7,1974,1997,1522,1066,0,2614,0,0,2,1,4,1,9,38,2008,Normal,240000
5,6,1977,1977,980,0,0,980,0,0,1,0,3,1,6,192,2009,Normal,135000
6,5,2000,2000,756,756,0,1512,0,0,2,1,2,1,4,0,2007,Normal,168500
6,5,1972,1972,732,778,0,1790,1,0,1,2,4,1,8,148,2006,Normal,165150
6,6,1962,1962,1116,0,0,1116,0,0,1,1,3,1,5,0,2010,Normal,160000
5,5,1960,1978,978,0,0,1422,0,0,1,0,3,1,6,0,2007,Normal,139900
6,6,1955,1972,1156,0,0,1520,1,0,1,0,3,1,7,0,2010,Normal,153000
5,5,1969,1969,1040,1040,0,2080,0,1,1,2,5,1,9,335,2007,Family,135000
6,5,1964,1964,1248,0,0,1350,1,0,1,1,3,1,6,176,2008,Normal,168500
5,6,1880,1991,636,661,0,1750,0,0,1,0,3,1,8,0,2006,Abnorml,124000
8,5,2006,2006,1554,0,0,1554,0,0,2,0,2,1,6,156,2007,Normal,209500
7,5,1977,1977,1386,0,0,1411,0,0,2,0,3,1,6,192,2009,Family,82500
5,7,1954,2005,1056,0,0,1056,0,1,1,0,3,1,6,390,2007,Normal,139400
6,5,1980,1980,1056,0,0,1056,2,0,0,0,0,2,4,264,2010,Normal,144000
6,7,1914,1995,1440,1440,515,3395,0,0,2,0,8,2,14,0,2007,Abnorml,200000
2,3,1936,1950,264,0,0,800,0,0,1,0,1,1,4,0,2009,Normal,60000
5,4,1954,1954,811,576,0,1387,0,0,2,0,3,2,7,0,2009,Normal,93000
5,7,1910,1950,796,0,0,796,0,0,1,0,2,1,4,328,2008,Normal,85000
8,5,2006,2006,1520,0,0,1567,1,0,2,0,1,1,7,312,2006,Partial,264561
8,5,2003,2004,1518,0,0,1518,0,0,1,1,1,1,6,185,2008,Normal,274000
7,5,2001,2001,1057,872,0,1929,1,0,2,1,3,1,7,0,2007,Normal,226000
8,7,1972,1995,1952,704,0,2704,1,0,2,1,4,1,9,269,2009,Normal,345000
5,5,1969,1969,780,840,0,1620,0,0,2,1,4,1,7,208,2007,Normal,152000
9,5,2009,2009,1766,0,0,1766,1,0,2,1,2,1,7,195,2009,Partial,370878
6,5,1971,1971,981,0,0,981,1,0,1,1,3,1,5,0,2007,Normal,143250
5,5,1950,1950,0,0,0,1048,0,0,1,0,3,1,7,0,2008,Normal,98300
6,5,1953,1953,1094,0,0,1094,0,0,1,0,3,1,5,0,2008,Normal,155000
6,5,1966,1966,756,788,0,1839,0,0,1,1,4,1,7,0,2010,Normal,155000
4,6,1970,1970,630,0,0,630,1,0,1,0,1,1,3,0,2007,Normal,84500
7,6,2007,2007,813,843,0,1665,0,0,2,1,3,1,7,0,2008,Normal,205950
4,5,1940,1950,755,755,0,1510,1,0,1,0,4,1,7,120,2009,Normal,108000
7,5,1996,1996,880,807,0,1716,0,0,2,1,2,1,7,0,2009,Normal,191000
6,7,1906,1995,756,713,0,1469,0,0,1,0,3,1,7,57,2008,Normal,135000
8,6,1995,1995,2109,0,0,2113,1,0,2,1,2,1,7,236,2008,Normal,350000
6,5,1971,1971,525,567,0,1092,0,0,1,1,3,1,6,0,2010,Family,88000
5,7,1959,2006,1053,0,0,1053,1,0,1,1,3,1,5,0,2008,Normal,145500
7,6,1931,2000,776,651,0,1502,0,0,1,1,3,1,6,0,2008,Normal,149000
6,5,1948,1950,912,546,0,1458,0,1,1,0,3,1,6,192,2010,Abnorml,97500
5,7,1964,1999,1486,0,0,1486,1,0,1,0,3,1,7,0,2009,Normal,167000
7,7,1976,1976,793,793,0,1935,0,0,2,1,3,1,7,0,2007,Normal,197900
8,7,1994,2005,1629,762,0,2448,1,0,2,1,4,1,8,517,2009,Normal,402000
6,3,1968,1968,1392,0,0,1392,1,0,1,0,2,1,5,0,2009,Normal,110000
4,5,1972,1972,1138,0,0,1181,1,0,2,0,3,1,6,0,2008,Normal,137500
8,5,2005,2006,2077,0,0,2097,1,0,1,1,1,1,8,192,2006,Partial,423000
8,5,2000,2000,1406,482,0,1936,0,0,2,1,3,1,7,188,2006,Normal,230500
6,5,1965,1979,1021,915,0,2380,0,0,2,1,3,1,7,0,2007,Abnorml,129000
6,5,1994,1998,1408,0,0,1679,1,0,2,0,3,1,7,224,2008,Normal,193500
5,6,1956,1987,1188,0,0,1437,1,0,1,1,3,1,6,304,2006,Normal,168000
4,5,1922,1950,700,0,0,1180,0,0,1,0,2,1,5,0,2006,Normal,137500
6,5,2005,2005,738,738,0,1476,1,0,2,1,3,1,7,100,2009,Normal,173500
6,6,1925,1950,672,672,0,1369,1,0,2,0,3,1,6,147,2009,Normal,103600
6,6,1977,1977,1208,0,0,1208,1,0,1,1,3,1,6,198,2006,Normal,165000
6,7,1957,2004,1477,0,0,1839,1,0,2,0,3,1,7,0,2007,Normal,257500
6,6,1965,1965,1136,0,0,1136,1,0,1,0,3,1,5,426,2008,Normal,140000
6,6,1978,1978,855,586,0,1441,0,0,2,1,3,1,7,28,2009,Normal,148500
4,2,1900,1950,1095,679,0,1774,1,0,2,0,4,2,8,0,2006,Normal,87000
5,8,1924,2006,768,0,0,792,0,0,1,0,2,1,5,316,2009,Normal,109500
8,5,2008,2008,2046,0,0,2046,0,0,2,1,3,1,7,322,2009,Partial,372500
5,5,1961,1961,988,0,0,988,1,0,1,0,3,1,5,0,2007,Normal,128500
6,5,1980,1980,923,0,0,923,0,0,2,0,2,1,5,80,2010,Normal,143000
5,5,1932,2000,793,672,0,1520,0,0,1,0,3,1,6,0,2009,Abnorml,159434
6,5,1996,1997,1291,0,0,1291,1,0,1,0,2,1,6,307,2008,Normal,173000
9,5,2002,2002,1626,0,0,1668,1,0,2,0,3,1,7,257,2007,Normal,285000
7,5,1998,1998,1195,644,0,1839,0,0,2,1,4,1,7,0,2010,Normal,221000
7,5,1984,1984,1190,900,0,2090,1,0,2,0,3,1,6,219,2007,Normal,207500
7,6,2007,2007,874,887,0,1761,0,0,3,0,3,1,7,144,2007,Partial,227875
7,5,2004,2004,551,551,0,1102,0,0,2,1,2,1,4,0,2007,Normal,148800
8,6,2007,2007,1419,0,0,1419,1,0,2,0,2,1,7,140,2007,Partial,392000
6,5,2005,2006,1362,0,0,1362,0,0,2,0,2,1,6,192,2007,Normal,194700
6,5,2004,2004,848,0,0,848,1,0,1,0,1,1,3,149,2008,Normal,141000
10,6,1994,1995,2444,1872,0,4316,0,1,3,1,4,1,10,382,2007,Normal,755000
7,5,1989,1990,1210,1281,0,2519,1,0,2,1,4,1,9,320,2006,Normal,335000
5,6,1921,1968,1073,0,0,1073,0,0,1,0,2,1,4,0,2006,Abnorml,108480
5,6,1936,1950,927,472,0,1539,0,0,1,1,3,1,5,112,2009,Normal,141500
6,6,1987,1987,1112,0,0,1137,1,0,2,0,2,1,5,125,2006,Normal,176000
5,7,1921,1950,616,0,0,616,0,0,1,0,2,1,4,0,2006,Normal,89000
5,7,1952,1952,980,0,0,1148,0,1,1,0,2,1,6,0,2006,Normal,123500
5,8,1965,2009,894,0,0,894,1,0,1,0,3,1,5,416,2010,Normal,138500
7,5,2004,2004,1391,0,0,1391,0,0,2,0,2,1,5,156,2008,Normal,196000
8,5,2002,2002,1800,0,0,1800,1,0,2,0,3,1,7,270,2006,Normal,312500
7,5,1969,1969,1164,0,0,1164,0,0,1,1,3,1,6,0,2006,Normal,140000
8,5,2006,2006,1234,1312,0,2576,0,0,2,1,4,1,10,324,2006,Partial,361919
5,9,1900,1996,360,780,0,1812,0,0,2,0,4,2,8,344,2010,Normal,140000
7,5,2004,2005,1473,0,0,1484,1,0,2,0,3,1,7,0,2010,Normal,213000
4,5,1930,1950,0,720,0,1092,0,0,2,0,3,2,7,0,2010,Normal,55000
7,5,1971,2002,1643,0,0,1824,1,0,2,0,2,1,5,380,2007,Normal,302000
8,5,2006,2006,1324,0,0,1324,1,0,2,0,2,1,6,192,2009,Normal,254000
7,5,2007,2007,728,728,0,1456,0,0,2,1,3,1,8,100,2007,Partial,179540
5,7,1966,1966,876,0,0,904,0,0,1,0,3,1,6,0,2008,Abnorml,109900
3,6,1935,2003,270,0,0,729,0,0,1,0,2,1,5,0,2008,Normal,52000
4,7,1900,1950,859,319,0,1178,0,0,1,0,2,1,7,68,2010,Abnorml,102776
8,5,1988,1989,1228,0,0,1228,1,0,2,0,2,1,5,168,2008,Normal,189000
4,5,1970,1970,960,0,0,960,1,0,1,0,3,1,6,0,2006,Normal,129000
6,8,1976,2005,725,754,0,1479,0,0,2,1,3,1,6,0,2010,Normal,130500
6,5,1974,1974,1064,0,0,1350,0,0,2,0,3,1,7,0,2009,Normal,165000
7,8,1890,1998,718,978,0,2554,0,0,1,1,3,1,8,0,2007,Normal,159500
5,6,1973,2000,1176,0,0,1178,0,1,1,1,3,1,5,224,2008,Normal,157000
7,5,1993,1994,1311,1093,0,2418,1,0,2,1,3,1,9,250,2008,Normal,341000
5,6,1969,1969,971,0,0,971,0,0,1,1,3,1,5,0,2006,Normal,128500
8,5,1985,1985,1742,0,0,1742,1,0,2,0,2,1,5,114,2006,Normal,275000
6,5,2004,2004,848,0,0,848,1,0,1,0,1,1,3,160,2010,Normal,143000
4,7,1970,1970,864,0,0,864,0,0,1,0,3,1,5,0,2009,Normal,124500
4,6,1954,1972,941,473,0,1470,0,0,2,0,4,1,7,0,2008,Normal,135000
9,5,2007,2008,1698,0,0,1698,1,0,2,0,3,1,8,327,2009,Normal,320000
4,6,1970,1970,864,0,0,864,0,0,1,0,3,1,5,96,2009,Normal,120500
6,9,1988,2007,880,0,0,1680,1,0,2,0,3,1,5,292,2009,Normal,222000
7,5,2007,2007,1232,0,0,1232,1,0,2,0,2,1,6,132,2009,Normal,194500
5,5,1958,1958,1584,0,0,1776,1,0,2,0,4,2,9,0,2009,Abnorml,110000
4,5,1925,1950,780,0,360,1208,0,0,1,0,2,1,5,0,2009,Normal,103000
8,5,1995,1996,1595,0,0,1616,1,0,2,0,2,1,5,237,2010,Normal,236500
7,5,2003,2003,868,0,0,1146,1,0,2,0,3,1,6,160,2007,Normal,187500
7,5,1998,1999,1153,878,0,2031,0,0,2,1,3,1,8,192,2008,Normal,222500
5,6,1961,1983,864,0,0,1144,1,0,1,0,3,1,6,165,2009,Normal,131400
5,5,1968,1968,948,0,0,948,0,0,1,0,3,1,6,147,2007,Family,108000
7,7,1914,1970,880,888,0,1768,0,0,1,1,2,1,6,0,2006,Normal,163000
3,4,1950,1950,0,0,0,1040,0,0,2,0,2,2,6,0,2006,Normal,93500
8,5,2005,2005,893,900,0,1801,0,0,2,1,3,1,8,0,2006,Normal,239900
5,5,1987,1988,1200,0,0,1200,3,0,3,0,3,1,5,120,2009,Alloca,179000
7,5,2004,2004,864,864,0,1728,0,0,2,1,3,1,7,187,2009,Normal,190000
5,7,1910,2002,264,664,0,1432,0,0,2,0,2,1,7,270,2007,Abnorml,132000
6,8,1961,1996,912,0,0,912,1,1,1,0,3,1,5,168,2008,Normal,142000
7,5,2000,2001,1349,0,0,1349,0,0,2,0,3,1,6,120,2007,Normal,179000
5,6,1963,1999,520,0,0,1464,0,1,2,0,3,1,6,302,2009,Normal,175000
8,5,1993,1993,1337,0,0,1337,1,0,2,0,2,1,5,96,2008,Normal,180000
8,9,1976,1996,1142,1540,0,2715,0,1,3,1,4,1,11,0,2008,Normal,299800
7,5,2000,2000,952,1276,0,2256,0,0,2,1,4,1,8,224,2009,Normal,236000
7,7,1880,2003,1240,1320,0,2640,0,0,1,1,4,1,8,181,2009,Normal,265979
7,5,1996,1996,1720,0,0,1720,1,0,2,0,3,1,7,240,2010,Normal,260400
4,3,1945,1950,0,441,0,1529,0,0,2,0,4,1,9,92,2009,Normal,98000
4,7,1910,2004,576,348,0,1140,0,0,1,0,3,1,7,0,2010,Normal,96500
7,5,2003,2003,660,660,0,1320,0,0,2,1,3,1,6,0,2007,Normal,162000
6,5,1997,1997,1479,0,0,1494,1,0,2,0,3,1,6,168,2006,Normal,217000
8,5,2005,2005,1030,1060,0,2098,0,0,2,1,3,1,8,192,2006,Normal,275500
6,8,1969,2005,1026,0,0,1026,1,0,1,0,3,1,5,171,2009,Normal,156000
6,5,1999,1999,729,729,0,1471,0,0,2,1,3,1,6,0,2009,Normal,172500
8,5,2007,2007,866,902,0,1768,0,0,2,1,3,1,7,144,2009,Normal,212000
6,5,1978,1978,672,714,0,1386,0,0,2,1,3,1,6,335,2010,Abnorml,158900
7,5,1999,1999,744,744,0,1501,0,0,2,1,3,1,6,0,2008,Normal,179400
8,5,1995,1995,1318,1203,0,2531,0,0,2,1,4,1,9,222,2007,Normal,290000
6,6,1959,1959,864,0,0,864,0,0,1,0,2,1,5,0,2009,Normal,127500
5,5,1924,1950,1145,0,0,1301,0,0,1,0,2,1,5,0,2009,Normal,100000
7,5,2009,2009,756,783,0,1547,0,0,2,1,3,1,7,169,2010,Normal,215200
8,5,1999,1999,1252,1097,0,2365,1,0,2,1,3,1,8,0,2009,Normal,337000
8,5,1995,1996,1494,0,0,1494,1,0,1,1,2,1,6,0,2006,Normal,270000
9,5,2008,2008,1498,0,0,1506,0,0,2,0,2,1,6,0,2008,Partial,264132
7,5,1988,1988,980,734,0,1714,0,0,2,1,3,1,7,228,2010,Normal,196500
6,7,1940,1985,983,767,0,1750,1,0,2,0,4,1,7,245,2008,Normal,160000
7,5,2004,2005,1860,0,0,1836,0,0,2,0,3,1,8,120,2006,Normal,216837
8,5,2003,2003,1650,1589,0,3279,1,0,3,1,4,1,12,503,2010,Normal,538000
5,5,1982,1982,858,0,0,858,1,0,1,0,2,1,5,120,2009,Normal,134900
4,5,1951,1951,836,0,0,1220,0,0,1,0,2,1,6,0,2006,Normal,102000
6,5,1976,1976,1029,0,0,1117,1,0,1,0,3,1,6,144,2010,Abnorml,107000
5,5,1958,1958,912,0,0,912,0,0,1,0,2,1,5,0,2007,Normal,114500
8,5,2006,2006,1935,0,0,1973,0,0,2,0,3,1,9,315,2007,Partial,395000
6,5,1998,1998,1204,0,0,1204,1,0,2,0,2,1,5,0,2009,Normal,162000
7,5,2005,2006,1614,0,0,1614,0,0,2,0,3,1,7,144,2006,Partial,221500
5,5,1974,1974,864,0,0,894,1,0,1,0,3,1,5,241,2006,Normal,142500
5,5,1977,1977,0,0,0,2020,0,0,2,0,4,2,10,0,2007,Normal,144000
6,5,1977,1977,975,0,0,1004,1,0,1,0,2,1,4,0,2006,Normal,135000
7,5,1995,1996,1237,0,0,1253,0,0,2,0,3,1,6,220,2007,Normal,176000
6,5,1992,1992,761,793,0,1603,0,0,2,1,3,1,7,0,2006,Normal,175900
7,5,2001,2002,1413,0,0,1430,0,0,2,0,3,1,6,0,2009,Normal,187100
5,6,1978,1978,1097,0,0,1110,1,0,1,0,1,1,4,303,2009,Normal,165500
6,6,1914,2001,742,742,0,1484,0,0,2,0,3,1,9,0,2008,Normal,128000
6,5,1967,1967,1372,0,0,1342,0,0,2,0,3,1,7,0,2009,Normal,161500
5,6,1915,1950,686,686,0,1652,1,0,2,0,4,1,7,0,2010,Normal,139000
7,5,2004,2004,956,1128,0,2084,1,0,2,1,4,1,8,0,2010,Normal,233000
4,7,1954,2000,901,0,0,901,0,0,1,0,2,1,4,0,2008,Normal,107900
6,8,1966,2007,832,1111,0,2087,0,0,2,1,5,1,9,133,2007,Normal,187500
7,5,2005,2006,1145,0,0,1145,0,0,2,0,2,1,5,100,2009,Normal,160200
6,5,1976,1976,1029,0,0,1062,1,0,1,0,3,1,5,120,2007,Normal,146800
7,5,1996,1997,1117,886,0,2013,1,0,2,1,3,1,8,180,2007,Normal,269790
8,5,2007,2007,1496,0,0,1496,0,0,2,0,3,1,7,168,2007,Partial,225000
7,5,1994,1996,712,809,0,1895,0,0,2,1,3,1,7,143,2008,Normal,194500
6,6,1980,1981,650,676,0,1564,0,0,2,1,3,1,7,0,2010,Normal,171000
6,5,1977,1977,660,0,0,1285,0,0,1,1,3,1,7,138,2007,Normal,143500
5,5,1953,1953,773,0,0,773,0,0,1,0,2,1,4,0,2008,Abnorml,110000
9,5,2008,2009,1926,1174,0,3140,0,0,3,1,4,1,11,144,2009,Partial,485000
5,7,1937,1950,731,787,0,1768,1,0,1,1,3,1,7,0,2007,Normal,175000
6,5,1997,1997,616,1072,0,1688,1,0,2,1,4,1,8,403,2008,Normal,200000
4,7,1916,1990,1196,0,0,1196,1,0,1,0,2,1,5,0,2007,Normal,109900
7,5,2005,2005,728,728,0,1456,1,0,2,1,3,1,7,36,2008,Normal,189000
9,5,2008,2009,1734,1088,0,2822,0,0,3,1,4,1,12,52,2009,Partial,582933
5,5,1954,1954,936,0,0,1128,0,0,1,0,2,1,5,0,2006,Family,118000
7,5,2008,2008,1417,0,0,1428,0,0,2,0,3,1,6,0,2008,Partial,227680
5,5,1967,1967,980,0,0,980,0,0,2,0,3,1,6,68,2006,Normal,135500
5,6,1923,2004,1324,504,0,1576,2,0,1,1,3,1,6,0,2009,Normal,223500
5,5,1966,1966,1024,0,0,1086,1,0,1,0,3,1,6,0,2006,Normal,159950
5,5,1898,1965,849,1063,0,2138,0,0,2,0,2,3,11,40,2009,Normal,106000
6,6,1974,1999,1040,0,0,1309,1,0,1,1,3,1,5,265,2006,Normal,181000
6,5,2004,2004,848,0,0,848,1,0,1,0,1,1,4,140,2008,Normal,144500
5,5,1952,1952,540,0,0,1044,0,0,1,0,2,1,4,0,2010,Alloca,55993
6,6,1958,1958,1442,0,0,1442,0,0,1,1,4,1,7,0,2007,Normal,157900
5,7,1918,1950,686,564,0,1250,0,1,1,1,3,1,7,207,2006,Normal,116000
7,5,1998,1998,1649,0,0,1661,0,0,2,0,3,1,6,0,2010,Normal,224900
5,6,1954,1954,1008,0,0,1008,0,0,1,0,2,1,4,0,2006,Normal,137000
8,5,2002,2002,1568,0,0,1689,1,0,2,0,3,1,7,150,2008,Normal,271000
6,7,1971,1971,1010,0,0,1052,1,0,1,0,3,1,6,0,2010,Normal,155000
7,5,2009,2010,1358,0,0,1358,1,0,2,0,2,1,6,192,2010,Partial,224000
7,5,2003,2003,798,842,0,1640,0,0,2,1,3,1,6,0,2008,Normal,183000
4,4,1953,1953,936,0,0,936,0,0,1,0,2,1,4,0,2009,Normal,93000
7,5,2003,2003,847,886,0,1733,0,0,2,1,3,1,7,100,2007,Family,225000
6,7,1940,1950,778,545,0,1489,0,0,2,0,3,1,7,335,2009,Normal,139500
8,5,2006,2006,1489,0,0,1489,0,0,2,0,3,1,7,0,2006,Partial,232600
10,5,2007,2008,2078,0,0,2084,1,0,2,0,2,1,7,188,2008,Partial,385000
5,6,1924,1950,784,0,0,784,1,0,1,0,2,1,5,0,2008,Normal,109500
7,5,2001,2001,1454,0,0,1434,0,0,2,0,3,1,6,290,2009,Normal,189000
5,5,1967,1967,1013,966,0,2126,0,1,2,1,3,1,7,486,2009,Abnorml,185000
7,5,2005,2005,600,623,80,1223,0,0,2,1,2,1,4,0,2006,Normal,147400
6,5,1957,1957,1392,0,0,1392,1,0,1,1,3,1,6,0,2008,Normal,166000
7,5,2005,2005,600,600,80,1200,0,0,2,1,2,1,4,0,2006,Normal,151000
7,6,2003,2003,941,888,0,1829,1,0,2,1,3,1,7,192,2010,Normal,237000
6,6,1964,1964,1516,0,0,1516,0,0,1,1,3,1,6,0,2009,Normal,167000
5,6,1961,1961,1144,0,0,1144,1,0,1,0,3,1,6,0,2008,Normal,139950
4,7,1950,1995,1067,0,0,1067,0,0,2,0,2,1,4,290,2010,Normal,128000
5,6,1948,1973,1559,0,0,1559,1,0,1,0,2,1,5,0,2007,Normal,153500
6,5,1973,1973,483,504,0,987,1,0,1,1,2,1,5,0,2008,Normal,100000
5,6,1995,2006,1099,0,0,1099,0,0,1,1,3,1,6,278,2008,Normal,144000
5,6,1946,1995,768,432,0,1200,0,0,1,0,3,1,6,0,2008,Normal,130500
6,8,1925,1950,672,672,0,1482,0,0,2,0,4,1,7,0,2008,Normal,140000
5,8,1904,2002,650,581,0,1539,0,0,2,0,3,1,8,70,2008,Normal,157500
6,7,1966,1966,1127,0,0,1165,1,0,1,1,3,1,6,0,2008,Normal,174900
5,4,1961,1961,1800,0,0,1800,0,0,2,0,6,2,10,0,2007,Normal,141000
5,8,1915,1950,876,540,0,1416,0,0,1,1,4,1,7,418,2008,Normal,153900
5,5,1975,1981,1390,0,0,1701,1,0,2,0,3,1,6,0,2007,Normal,171000
7,5,1993,1993,740,769,0,1775,1,0,2,1,3,1,7,234,2009,Normal,213000
5,6,1972,1972,864,0,0,864,1,0,1,0,3,1,5,0,2009,Normal,133500
6,8,1908,1997,907,1051,0,2358,0,0,3,0,5,1,10,486,2008,Normal,240000
6,7,1976,1994,528,761,0,1855,0,0,2,1,3,1,7,113,2007,Normal,187000
6,5,2003,2003,848,0,0,848,1,0,1,0,1,1,3,140,2007,Normal,131500
8,5,2003,2003,1273,0,0,1456,0,0,2,0,2,1,7,143,2006,Normal,215000
7,5,1941,1950,918,728,0,1646,0,0,2,0,4,1,7,0,2007,Normal,164000
6,6,1964,1964,1127,0,0,1445,0,0,1,1,3,1,7,180,2009,Normal,158000
5,4,1955,1974,1763,0,0,1779,1,0,1,1,3,1,6,0,2006,Abnorml,170000
5,8,1962,2010,1040,0,0,1040,1,0,1,1,3,1,6,0,2010,Normal,127000
6,6,1978,1978,940,0,0,1026,1,0,1,0,3,1,5,0,2008,Normal,147000
6,5,1994,1995,702,779,0,1481,0,0,2,1,3,1,6,0,2009,Normal,174000
7,5,1976,1976,1090,0,0,1370,0,0,2,0,3,1,6,0,2009,Family,152000
6,7,1968,1984,1054,1142,0,2654,1,0,2,1,4,1,9,0,2006,Normal,250000
7,8,1918,1998,912,514,0,1426,0,0,1,1,3,1,7,0,2007,Normal,189950
5,4,1965,1965,1039,0,0,1039,1,0,1,1,3,1,6,0,2010,Normal,131500
6,5,1984,1985,1040,0,0,1097,0,0,2,0,3,1,6,0,2010,Normal,152000
5,5,1959,1959,1148,0,0,1148,1,0,1,0,3,1,6,0,2009,Normal,132500
7,5,2007,2008,1372,0,0,1372,0,0,2,0,3,1,6,0,2008,Partial,250580
5,6,1970,1970,1002,0,0,1002,1,0,1,0,3,1,5,0,2009,Normal,148500
8,5,2006,2007,1638,0,0,1646,0,0,2,0,3,1,6,192,2007,Partial,248900
4,5,1961,1961,1040,0,0,1120,1,0,1,1,3,1,5,168,2007,Normal,129000
5,6,1948,1950,0,720,53,2320,0,0,2,0,2,1,7,120,2006,Normal,169000
7,5,1993,1994,1050,887,0,1949,1,0,2,1,3,1,8,156,2010,Normal,236000
5,5,1962,1962,894,0,0,894,0,0,1,0,2,1,5,0,2009,Normal,109500
6,5,1998,1998,804,878,0,1682,0,0,2,1,3,1,7,0,2010,Normal,200500
5,7,1953,1996,105,0,0,910,0,0,1,0,3,1,5,196,2008,Normal,116000
5,7,1949,1950,832,0,232,1268,0,0,1,0,3,1,6,0,2009,Normal,133000
5,6,1941,1950,676,455,0,1131,0,0,1,1,3,1,5,26,2009,Abnorml,66500
8,5,2007,2007,1184,1426,0,2610,0,0,2,1,4,1,11,208,2007,Partial,303477
4,5,1963,1963,1064,0,0,1040,1,0,1,0,3,1,5,0,2007,Normal,132250
9,5,2004,2005,1462,762,0,2224,1,0,2,1,4,1,10,184,2009,Normal,350000
5,7,1961,1995,1109,0,0,1155,1,0,1,0,3,1,6,192,2010,Normal,148000
5,8,1978,2005,864,0,0,864,1,0,1,0,3,1,6,0,2009,Normal,136500
5,5,2005,2006,1090,0,0,1090,1,0,1,1,2,1,5,0,2007,Normal,157000
7,5,1990,1991,1156,530,0,1717,0,0,2,1,3,1,7,168,2007,Normal,187500
6,5,1992,1993,808,785,0,1593,0,0,2,1,3,1,7,342,2009,Normal,178000
4,5,1912,1950,795,795,481,2230,1,0,1,0,5,1,10,0,2006,Normal,118500
5,5,1967,1967,892,0,0,892,0,0,1,0,3,1,5,0,2009,Normal,100000
9,5,1999,2000,1698,0,0,1709,1,0,2,0,2,1,5,97,2008,Abnorml,328900
5,5,1959,2005,1626,0,0,1712,0,0,2,0,4,2,8,272,2006,Family,145000
5,7,1955,1955,816,521,0,1393,0,0,1,1,3,1,8,121,2008,Normal,135500
8,6,1970,1970,2217,0,0,2217,1,0,2,0,4,1,8,81,2007,Normal,268000
6,4,1953,1953,1505,0,0,1505,1,0,1,0,2,1,6,0,2009,Normal,149500
5,7,1949,2006,672,252,0,924,0,0,1,0,3,1,6,0,2007,Normal,122900
6,5,1978,1978,918,765,0,1683,0,0,2,1,3,1,7,243,2009,Normal,172500
6,8,1963,2003,1059,0,0,1068,0,1,1,0,3,1,6,192,2006,Normal,154500
5,5,1954,1954,1383,0,0,1383,1,0,1,0,3,1,6,511,2008,Normal,165000
5,5,1979,1979,0,0,0,1535,0,0,2,0,4,2,8,0,2009,Alloca,118858
6,5,1963,1963,780,813,0,1796,1,0,1,1,4,1,8,0,2008,Normal,140000
4,6,1936,1950,951,0,0,951,0,0,1,0,2,1,6,0,2006,Abnorml,106500
5,5,1979,1979,0,1120,0,2240,0,0,2,0,6,2,12,154,2009,Alloca,142953
9,5,2009,2010,2330,0,0,2364,1,0,2,1,2,1,11,0,2010,Partial,611657
5,7,1961,1994,912,0,0,1236,0,0,1,0,3,1,6,0,2006,Normal,135000
4,6,1971,1971,858,0,0,858,0,0,1,0,2,1,4,0,2007,Normal,110000
5,7,1957,2000,992,0,0,1306,1,0,1,0,2,1,5,0,2009,Normal,153000
7,5,2003,2003,783,702,0,1509,0,0,2,1,3,1,8,0,2006,Normal,180000
7,5,2006,2006,1670,0,0,1670,0,0,2,0,3,1,7,144,2006,Partial,240000
5,6,1967,1967,876,0,0,902,0,0,1,0,3,1,6,0,2007,Normal,125500
5,5,1954,1954,1056,0,0,1063,1,0,1,0,3,1,6,0,2010,Normal,128000
8,5,2006,2006,1623,0,0,1636,1,0,2,0,3,1,8,0,2007,Normal,255000
7,7,1936,1987,1017,1037,0,2057,0,0,1,1,3,1,6,0,2006,Normal,250000
5,5,1983,1983,864,0,0,902,1,0,1,0,2,1,5,164,2006,Normal,131000
6,5,2005,2005,742,742,0,1484,0,0,2,1,3,1,8,36,2009,Normal,174000
5,5,1960,1960,1105,1169,0,2274,0,0,2,0,5,2,12,0,2010,Normal,154300
5,7,1977,1989,1268,0,0,1268,0,0,1,1,3,1,5,173,2009,Normal,143500
5,7,1925,1950,768,0,0,1015,0,0,1,0,3,1,6,0,2006,Abnorml,88000
5,6,1949,1950,1001,1001,0,2002,0,0,2,0,4,2,8,0,2007,Normal,145000
6,5,2009,2009,612,612,0,1224,0,0,2,1,2,1,4,0,2009,Partial,173733
4,5,1970,1970,546,546,0,1092,0,0,1,1,3,1,6,0,2007,Normal,75000
2,3,1949,1950,480,0,0,480,1,0,0,0,1,1,4,0,2006,Abnorml,35311
4,6,1956,1956,1134,0,0,1229,0,0,1,0,3,1,6,0,2009,Normal,135000
7,5,1991,1991,1104,1215,0,2127,1,0,2,1,4,1,8,72,2007,Normal,238000
6,8,1958,2002,1184,0,0,1414,1,0,1,0,3,1,6,0,2008,Normal,176500
6,5,1994,1994,928,785,0,1721,0,1,2,1,3,1,7,300,2007,Normal,201000
5,7,1900,2003,1272,928,0,2200,2,0,2,2,4,2,9,0,2008,Normal,145900
6,5,2005,2006,1316,0,0,1316,0,0,2,0,3,1,6,100,2006,Partial,169990
6,5,1993,1994,1604,0,0,1617,1,0,2,0,2,1,5,0,2008,Normal,193000
6,6,1980,1980,1686,0,0,1686,1,0,2,0,3,1,7,384,2006,Normal,207500
5,6,1977,1977,1126,0,0,1126,0,1,2,0,3,1,6,180,2008,Abnorml,175000
8,5,2003,2004,1181,1140,0,2374,0,0,2,1,4,1,10,104,2007,Normal,285000
7,5,1968,1968,832,880,0,1978,0,0,2,1,4,1,9,0,2008,Normal,176000
8,5,2001,2001,1753,0,0,1788,0,0,2,0,3,1,7,202,2009,Normal,236500
7,5,1997,1997,964,1243,0,2236,0,0,2,1,4,1,8,0,2006,Normal,222000
8,5,2007,2007,1466,0,0,1466,0,0,2,0,3,1,7,100,2009,Normal,201000
5,6,1965,1965,925,0,0,925,0,1,1,0,2,1,5,0,2009,Normal,117500
9,5,2006,2006,1905,0,0,1905,0,0,2,0,3,1,8,0,2007,Normal,320000
7,5,2004,2004,1500,0,0,1500,0,0,2,0,3,1,6,192,2009,Normal,190000
7,7,1960,2007,585,0,0,2069,1,0,2,0,4,1,9,0,2008,Normal,242000
4,5,1926,1953,600,0,0,747,0,0,1,0,1,1,5,0,2006,Normal,79900
7,5,2003,2003,1176,0,0,1200,1,0,2,0,2,1,5,0,2009,Normal,184900
7,5,2005,2005,1113,858,0,1971,0,0,2,1,3,1,8,0,2009,Normal,253000
7,5,2006,2006,1391,571,0,1962,0,0,2,1,3,1,7,0,2006,Partial,239799
7,7,1940,1950,1032,1196,0,2403,0,0,2,0,4,1,10,56,2010,Normal,244400
6,5,1976,1976,1728,0,0,1728,0,0,2,0,4,2,8,40,2006,Normal,150900
7,5,1999,1999,992,1038,0,2060,1,0,2,1,3,1,8,0,2009,Normal,214000
4,3,1977,1977,1440,0,0,1440,2,0,2,0,4,2,8,321,2007,Abnorml,150000
5,4,1967,1967,1632,0,0,1632,0,0,2,0,4,2,8,0,2007,Normal,143000
6,6,1958,1958,819,0,0,1344,0,1,1,0,3,1,7,0,2009,Abnorml,137500
5,6,1890,1996,1088,561,120,1869,0,0,1,0,2,1,7,48,2009,Normal,124900
5,6,1959,1959,1144,0,0,1144,1,0,1,0,3,1,6,86,2006,Normal,143000
8,5,2002,2003,1616,0,0,1629,1,0,2,0,3,1,9,0,2007,Normal,270000
7,5,2002,2002,936,840,0,1776,0,0,2,1,3,1,7,144,2006,Normal,192500
6,7,1972,2006,1161,0,0,1381,1,0,1,1,3,1,5,0,2010,Normal,197500
5,8,1950,2002,864,0,0,864,1,0,1,0,3,1,5,194,2007,Normal,129000
5,5,1965,1965,828,0,0,965,1,0,1,0,3,1,6,421,2006,Abnorml,119900
5,8,1972,2003,768,0,0,768,0,1,1,0,2,1,5,192,2009,Normal,133900
5,4,1969,1969,784,800,0,1968,0,1,2,1,4,1,7,305,2008,Normal,172000
6,5,1975,1975,945,0,0,980,0,2,2,0,4,0,4,0,2006,AdjLand,127500
6,6,1946,1950,979,979,0,1958,0,0,2,0,4,2,8,0,2007,Normal,145000
6,6,1980,1980,561,668,0,1229,0,0,1,1,2,1,5,150,2009,Normal,124000
5,5,1962,1962,1057,0,0,1057,0,0,1,0,3,1,6,0,2007,Normal,132000
7,5,2003,2003,1337,0,0,1337,1,0,2,0,3,1,6,0,2007,Normal,185000
7,5,1999,1999,696,720,0,1416,1,0,2,1,3,1,6,0,2010,Normal,155000
5,7,1958,2008,858,0,0,858,1,0,1,0,2,1,4,117,2010,Normal,116500
6,7,1977,1995,1330,1330,0,2872,1,0,2,1,4,1,11,550,2008,Normal,272000
6,6,1976,1976,804,744,0,1548,1,0,2,1,3,1,7,48,2007,Normal,155000
9,5,2007,2007,1800,0,0,1800,0,0,2,0,2,1,7,288,2009,Normal,239000
7,5,2002,2003,817,1070,0,1894,1,0,2,1,4,1,8,0,2010,Normal,214900
6,5,2005,2007,783,701,0,1484,0,0,2,1,3,1,8,0,2007,Partial,178900
5,7,1940,1950,728,332,0,1308,1,0,1,1,2,1,7,0,2009,Normal,160000
5,7,1955,1955,1098,0,0,1098,1,0,1,0,3,1,6,0,2008,Normal,135000
3,6,1910,1950,600,368,0,968,0,0,1,0,2,1,6,0,2009,Abnorml,37900
6,5,1958,1958,588,0,0,1095,1,0,1,0,2,1,6,0,2006,Normal,140000
4,4,1949,1950,720,472,0,1192,0,0,1,1,4,1,6,0,2006,Abnorml,135000
7,5,2003,2004,764,862,0,1626,0,0,2,0,2,1,6,0,2009,Normal,173000
6,5,1979,1979,918,0,0,918,0,0,2,0,2,1,5,28,2010,Normal,99500
7,5,2007,2008,1428,0,0,1428,0,0,2,0,3,1,6,0,2008,Partial,182000
7,8,1910,1993,728,883,0,2019,0,0,1,0,3,1,8,509,2009,Normal,167500
7,5,2000,2000,673,709,0,1382,1,0,2,1,3,1,6,153,2006,Normal,165000
4,7,1923,1958,440,0,0,869,0,0,1,0,2,1,4,0,2006,Normal,85500
7,5,2006,2007,1241,0,0,1241,1,0,1,1,1,1,4,0,2007,Partial,199900
4,5,1954,1954,894,0,0,894,0,0,1,0,3,1,5,0,2007,Abnorml,110000
5,6,1963,1963,1121,0,0,1121,1,0,1,0,3,1,5,0,2009,Normal,139000
7,9,1961,2007,944,0,0,999,1,0,1,0,3,1,6,144,2008,Normal,178400
8,5,1998,1999,1225,1336,0,2612,1,0,2,1,4,1,8,250,2009,Normal,336000
7,5,2007,2007,1266,0,0,1266,0,0,2,0,2,1,6,100,2008,Normal,159895
8,5,2002,2002,1128,1141,0,2290,0,0,2,1,4,1,9,0,2008,Normal,255900
5,5,1977,1977,0,432,0,1734,0,0,2,0,4,2,8,0,2009,Normal,126000
5,5,1950,1950,1164,0,0,1164,1,0,1,0,3,1,5,0,2008,Normal,125000
6,8,1910,2003,485,634,0,1635,0,0,1,0,2,1,5,394,2006,Normal,117000
9,5,2009,2010,1930,0,0,1940,1,0,2,1,3,1,8,168,2010,Partial,395192
6,6,1976,1976,848,912,0,2030,0,0,2,1,4,1,8,0,2007,Normal,195000
7,5,2006,2006,770,798,0,1576,0,0,2,1,3,1,6,0,2006,Partial,197000
8,5,1997,1998,1396,985,0,2392,1,0,2,1,3,1,7,0,2006,Normal,348000
8,9,1882,1986,916,826,0,1742,0,0,1,1,4,1,8,0,2009,Normal,168000
6,8,1964,1993,822,831,0,1851,0,0,2,1,3,1,7,239,2007,Normal,187000
6,5,2005,2006,750,750,0,1500,0,0,2,1,3,1,6,0,2006,Partial,173900
10,5,2006,2007,1700,0,0,1718,1,0,2,0,3,1,7,216,2009,Normal,337500
4,7,1946,1950,747,456,0,1230,1,0,1,1,3,1,5,0,2006,Abnorml,121600
5,6,1961,1961,1050,0,0,1050,1,0,1,0,3,1,6,0,2006,Normal,136500
6,6,1970,1970,1442,0,0,1442,0,0,2,0,2,1,6,371,2009,Normal,185000
3,4,1922,1950,1007,0,0,1077,0,0,1,0,3,1,6,0,2006,Normal,91000
7,5,2006,2006,1187,0,0,1208,1,0,2,0,2,1,6,105,2010,Normal,206000
3,3,1952,1952,0,0,0,944,0,0,1,0,2,1,4,0,2009,Normal,82000
5,6,1920,1950,691,0,0,691,0,0,1,0,2,1,4,0,2007,Abnorml,86000
8,5,2006,2006,1574,0,0,1574,0,0,2,0,3,1,7,144,2008,Normal,232000
5,6,1976,1976,1680,0,0,1680,0,0,2,0,4,2,8,0,2007,Normal,136905
7,5,2005,2006,1346,0,0,1504,0,0,2,0,1,1,7,156,2009,Normal,181000
5,8,1977,1977,985,0,0,985,0,0,2,0,3,1,6,210,2008,Normal,149900
6,3,1970,1970,1657,0,0,1657,0,1,2,0,3,1,7,0,2007,Normal,163500
4,4,1970,1970,546,546,0,1092,0,0,1,1,3,1,6,238,2009,Normal,88000
7,5,2004,2005,1710,0,0,1710,0,0,2,0,3,1,7,100,2009,Normal,240000
5,5,1926,1950,1008,0,514,1522,0,0,2,0,4,1,7,0,2006,Normal,102000
5,5,1948,1950,720,551,0,1271,0,0,2,0,4,1,7,0,2008,Normal,135000
5,5,1965,1965,0,0,0,1664,0,0,2,0,4,2,8,0,2010,Normal,100000
6,7,1923,1996,602,602,0,1502,0,0,1,1,3,1,7,96,2007,Normal,165000
5,4,1910,2006,1022,0,0,1022,1,0,1,0,2,1,4,0,2009,Normal,85000
6,5,1948,1950,1082,0,0,1082,0,0,1,0,2,1,5,0,2007,Normal,119200
8,6,2001,2001,810,855,0,1665,1,0,2,1,3,1,6,0,2009,Normal,227000
7,5,1996,1996,1504,0,0,1504,1,0,2,0,3,1,6,115,2009,Normal,203000
8,5,1984,1984,1220,0,0,1360,1,0,1,0,1,1,4,63,2009,Abnorml,187500
7,5,1991,1992,384,670,0,1472,0,0,2,1,3,1,7,164,2007,Normal,160000
7,5,2005,2005,1362,0,0,1506,0,0,2,0,2,1,6,142,2006,Normal,213490
4,5,2005,2005,1132,0,0,1132,1,0,1,1,2,1,5,252,2008,Normal,176000
7,5,2006,2006,1199,0,0,1220,1,0,2,0,2,1,6,105,2006,Partial,194000
5,5,1930,1950,912,336,0,1248,0,0,1,0,2,1,6,0,2007,Normal,87000
7,5,2005,2006,1346,0,0,1504,0,0,2,0,2,1,7,156,2008,Normal,191000
8,6,1976,1976,1565,0,0,2898,1,0,2,0,2,1,10,0,2008,Abnorml,287000
5,5,1972,1972,882,0,0,882,1,0,1,0,3,1,5,96,2007,Normal,112500
5,5,1960,1960,1268,0,0,1264,1,0,1,0,3,1,6,0,2010,Normal,167500
8,5,2007,2008,1638,0,0,1646,1,0,2,0,3,1,7,192,2008,Partial,293077
5,5,1941,1950,768,408,0,1376,1,0,1,0,3,1,6,0,2007,Normal,105000
6,7,1972,1972,672,546,0,1218,0,1,1,1,3,1,7,0,2006,Normal,118000
5,8,1916,1995,686,980,0,1928,0,0,2,0,5,2,10,0,2006,Normal,160000
7,3,1920,1970,824,998,397,3082,1,0,2,1,5,1,12,136,2009,Normal,197000
8,7,1993,1993,1338,1168,0,2520,1,0,2,1,5,1,10,209,2006,Abnorml,310000
7,5,2002,2002,1654,0,0,1654,1,0,2,0,3,1,6,0,2006,Normal,230000
5,7,1938,1950,920,0,0,954,0,0,1,0,2,1,5,0,2007,Normal,119750
4,3,1957,1957,0,0,0,845,0,0,1,0,3,1,5,186,2009,Normal,84000
9,5,2007,2008,1620,0,0,1620,1,0,2,0,2,1,6,228,2009,Normal,315500
8,5,2001,2002,1055,1208,0,2263,0,0,2,1,3,1,7,0,2008,Normal,287000
4,6,1970,2008,546,546,0,1344,0,0,1,1,3,1,6,0,2009,Normal,97000
4,4,1970,1970,630,0,0,630,1,0,1,0,1,1,3,0,2009,Normal,80000
5,4,1957,2000,1134,0,0,1803,1,0,2,0,3,1,8,0,2006,Normal,155000
6,8,1966,2000,800,832,0,1632,0,1,1,1,4,1,7,0,2008,Normal,173000
6,5,2005,2005,1306,0,0,1306,1,0,2,0,1,1,5,170,2009,Normal,196000
7,5,1990,1990,1475,797,0,2329,1,0,2,1,4,1,10,192,2008,Normal,262280
8,5,1981,1981,2524,0,0,2524,1,0,2,1,4,1,9,474,2009,Normal,278000
3,5,1955,1955,0,0,0,1733,0,0,2,0,4,1,8,0,2009,Normal,139600
9,5,2005,2006,1992,876,0,2868,0,0,3,1,4,1,11,214,2006,Partial,556581
5,5,1994,1995,990,0,0,990,0,1,1,0,3,1,5,0,2008,Normal,145000
5,4,1960,2006,0,0,0,1771,0,0,1,0,3,1,9,0,2009,Normal,115000
4,7,1946,2006,0,0,0,930,0,0,1,0,2,1,6,0,2010,Abnorml,84900
7,5,2007,2007,1302,0,0,1302,0,0,2,0,3,1,6,0,2007,Partial,176485
7,5,2007,2007,1316,0,0,1316,0,0,2,0,3,1,6,0,2007,Partial,200141
6,6,1964,1978,816,850,0,1977,0,1,1,1,4,1,9,0,2007,Normal,165000
5,6,1957,2002,1216,0,0,1526,0,0,1,0,4,1,7,116,2010,Normal,144500
8,5,2002,2002,1065,898,0,1989,1,0,2,1,3,1,7,199,2006,Normal,255000
6,5,1976,1976,1193,0,0,1523,0,1,2,0,3,1,7,0,2008,Abnorml,180000
7,5,2005,2005,1364,0,0,1364,1,0,2,0,2,1,6,192,2006,Normal,185850
7,6,1994,1994,973,871,0,1850,0,0,2,1,3,1,7,168,2009,Normal,248000
9,5,2008,2008,1104,1054,0,2184,1,0,2,1,3,1,10,0,2009,Normal,335000
6,7,1932,1950,854,895,0,1991,0,0,1,1,3,1,7,0,2007,Normal,220000
8,5,2001,2001,1338,0,0,1338,1,0,2,0,2,1,6,0,2010,Normal,213500
3,4,1935,1950,894,0,0,894,0,0,1,0,2,1,6,0,2008,Normal,81000
5,5,1900,1950,662,915,0,2337,0,0,2,0,5,2,10,0,2007,Normal,90000
6,6,1925,1980,1103,0,0,1103,0,0,1,0,2,1,5,166,2006,Normal,110500
5,6,1966,1966,1154,0,0,1154,0,0,1,1,3,1,6,0,2009,Normal,154000
7,5,1996,1997,1306,954,0,2260,1,0,2,1,3,1,7,296,2010,Normal,328000
6,7,1993,1994,799,772,0,1571,0,0,2,1,3,1,7,0,2009,Normal,178000
6,6,1964,1964,780,813,0,1611,1,0,1,1,4,1,7,328,2008,Normal,167900
6,4,1973,1973,942,1230,0,2521,1,0,2,1,5,1,10,728,2006,Normal,151400
5,7,1949,2003,845,0,0,893,0,1,1,0,2,1,4,0,2007,Normal,135000
5,5,1956,1956,1048,0,0,1048,1,0,1,0,3,1,6,0,2007,Normal,135000
6,6,1968,1968,727,727,0,1556,0,0,1,1,4,1,8,0,2009,Normal,154000
5,3,1948,1950,810,454,0,1456,1,1,1,0,4,1,7,0,2006,Normal,91500
6,6,1977,1977,690,728,0,1426,0,0,1,1,3,1,6,252,2009,Normal,159500
7,5,2006,2006,1240,0,0,1240,0,0,2,0,2,1,5,140,2007,Normal,194000
7,6,1940,1984,800,780,0,1740,0,0,1,1,3,1,6,0,2007,Normal,219500
5,8,1936,1989,796,370,0,1466,0,1,2,0,3,1,7,436,2006,Normal,170000
5,5,1969,1969,1096,0,0,1096,1,0,1,0,3,1,6,240,2006,Abnorml,138800
6,5,2004,2004,848,0,0,848,1,0,1,0,1,1,3,140,2006,Normal,155900
5,5,1994,1994,990,0,0,990,0,0,1,0,3,1,5,0,2007,Normal,126000
6,7,1971,2004,1258,0,0,1258,0,1,2,0,3,1,5,55,2008,Abnorml,145000
5,5,1963,1963,1040,0,0,1040,1,0,1,1,3,1,5,0,2010,Normal,133000
7,5,2002,2002,1459,0,0,1459,0,0,2,0,3,1,6,192,2007,Normal,192000
6,6,1964,1964,1251,0,0,1251,1,0,1,0,3,1,6,0,2006,Normal,160000
6,5,1995,1996,691,807,0,1498,0,0,2,1,3,1,6,315,2006,Normal,187500
6,6,1992,1992,936,0,0,996,1,0,1,0,2,1,5,120,2010,Normal,147000
4,5,1973,1973,546,546,0,1092,0,0,1,1,3,1,6,120,2010,Normal,83500
8,5,2005,2006,1082,871,0,1953,0,0,2,1,3,1,9,160,2009,Normal,252000
7,5,2004,2004,970,739,0,1709,0,0,2,0,3,1,7,0,2006,Normal,137500
8,5,2005,2005,1247,0,0,1247,1,0,1,1,1,1,4,0,2006,Normal,197000
3,4,1950,1950,0,0,0,1040,0,0,2,0,2,2,6,0,2009,Normal,92900
7,5,1999,2000,600,628,0,1252,1,0,2,1,2,1,4,0,2008,Normal,160000
6,5,1925,1950,1181,304,0,1694,0,0,2,0,4,1,7,342,2008,Normal,136500
5,8,1965,1998,864,0,0,1200,1,0,1,1,1,1,6,0,2006,Normal,146000
5,7,1956,2000,936,0,0,936,1,0,1,0,2,1,4,0,2010,Normal,129000
6,5,2006,2006,1314,0,0,1314,0,0,2,0,3,1,6,0,2007,Normal,176432
6,7,1914,2006,684,582,0,1355,0,0,1,1,3,1,7,136,2007,Normal,127000
8,5,1986,1986,1074,0,0,1088,0,0,1,1,2,1,5,0,2007,Normal,170000
4,6,1936,1950,672,567,0,1324,0,0,1,0,3,1,6,0,2009,Normal,128000
7,5,1978,1978,1271,0,0,1601,0,0,2,0,3,1,7,0,2009,Abnorml,157000
2,5,1920,1950,290,0,0,438,0,0,1,0,1,1,3,0,2009,Normal,60000
5,5,1971,1971,950,0,0,950,0,0,1,0,3,1,5,0,2007,Normal,119500
5,7,1960,2002,1010,0,0,1134,0,0,1,0,2,1,6,0,2007,Family,135000
6,6,1959,1959,655,0,0,1194,0,1,1,0,3,1,6,0,2006,Normal,159500
5,5,1970,1970,630,672,0,1302,0,0,2,1,3,1,6,0,2007,Normal,106000
8,5,1994,1995,1463,1122,0,2622,1,0,2,1,3,1,9,186,2010,Normal,325000
7,5,1990,1991,910,0,0,1442,1,0,2,0,3,1,6,0,2007,Normal,179900
7,5,2006,2006,868,1134,0,2021,0,0,2,1,3,1,9,0,2006,Partial,274725
6,5,2000,2000,924,742,0,1690,0,0,2,1,3,1,7,100,2007,Abnorml,181000
8,5,2004,2005,1836,0,0,1836,1,0,2,0,3,1,7,125,2009,Normal,280000
6,5,1995,1996,773,885,0,1658,1,0,2,1,3,1,8,224,2008,Normal,188000
7,6,1976,1976,803,866,0,1964,0,0,2,1,4,1,8,0,2008,Normal,205000
5,7,1957,1957,816,0,0,816,1,0,1,0,2,1,5,0,2006,Normal,129900
5,7,1953,2006,1008,0,0,1008,1,0,1,0,2,1,6,0,2007,Normal,134500
5,7,1954,2000,833,0,0,833,0,0,1,0,2,1,4,0,2006,Normal,117000
8,5,2007,2007,1734,0,0,1734,1,0,2,0,3,1,7,0,2007,Partial,318000
8,5,2002,2002,408,640,0,1419,1,0,2,1,3,1,7,120,2009,Normal,184100
5,7,1967,2003,894,0,0,894,1,0,1,0,3,1,5,0,2008,Normal,130000
5,6,1958,1987,533,580,0,1601,0,1,1,0,3,1,6,280,2008,Normal,140000
5,5,1959,1959,1040,0,0,1040,0,0,1,0,3,1,6,140,2006,Normal,133700
6,5,1920,1950,1012,0,0,1012,0,0,1,0,2,1,6,0,2007,Normal,118400
7,5,2005,2006,1552,0,0,1552,0,0,2,0,3,1,7,144,2006,Partial,212900
4,3,1956,1956,672,0,0,960,0,0,1,0,3,1,5,64,2009,Abnorml,112000
5,9,1947,2008,698,0,0,698,0,1,1,0,2,1,4,0,2009,Normal,118000
7,5,1992,1992,384,670,0,1482,0,0,2,1,3,1,7,100,2007,Normal,163900
4,5,1955,1955,1005,0,0,1005,0,0,1,0,2,1,5,0,2009,Normal,115000
7,5,2007,2007,1373,0,0,1555,0,0,2,0,2,1,7,143,2009,Normal,174000
7,5,2004,2004,1530,0,0,1530,1,0,2,0,3,1,7,144,2007,Family,259000
7,5,2004,2005,847,1112,0,1959,0,0,2,1,4,1,8,100,2007,Normal,215000
5,5,1980,1980,936,0,0,936,1,0,1,0,2,1,4,49,2007,Normal,140000
4,3,1928,1950,1122,653,0,1981,1,0,2,0,4,1,7,431,2009,Normal,135000
5,5,1991,1992,974,0,0,974,0,0,1,0,3,1,5,0,2007,Abnorml,93500
6,4,1880,1950,1008,1032,0,2210,0,0,2,0,5,1,8,0,2007,Normal,117500
8,5,1995,1995,1128,878,0,2020,0,0,2,1,3,1,8,0,2009,Normal,239500
6,5,1997,1997,916,684,0,1600,0,0,2,1,3,1,7,100,2007,Normal,169000
6,5,1926,1950,960,0,0,986,0,0,1,0,2,1,5,0,2007,Normal,102000
6,5,1950,1950,1032,220,0,1252,0,0,1,0,3,1,6,0,2008,Abnorml,119000
5,8,1875,1996,780,240,0,1020,0,0,1,0,2,1,6,0,2010,Normal,94000
6,5,1977,1977,1567,0,0,1567,1,0,2,0,2,1,5,264,2009,Normal,196000
5,5,1920,1950,915,0,0,1167,0,0,1,0,3,1,6,0,2007,Normal,144000
5,7,1951,1951,952,0,0,952,1,0,1,0,2,1,4,0,2008,Abnorml,139000
5,7,1976,1976,780,780,0,1868,1,0,2,1,4,1,9,448,2009,Normal,197500
8,5,2006,2007,1466,1362,0,2828,1,0,3,0,4,1,11,125,2007,Partial,424870
5,3,1959,1959,1006,0,0,1006,0,0,1,0,3,1,5,0,2008,Normal,80000
4,4,1941,1950,672,252,0,924,1,0,1,0,2,1,5,0,2010,Normal,80000
5,6,1928,1950,1042,534,0,1576,0,0,1,0,3,1,8,0,2006,Family,149000
6,5,1985,1985,1298,0,0,1298,1,0,2,0,3,1,5,165,2006,Normal,180000
7,7,1941,1950,704,704,0,1564,0,0,1,1,3,1,7,0,2009,Normal,174500
7,7,1926,1950,572,539,0,1111,0,0,1,0,2,1,5,0,2008,Normal,116900
7,9,1920,1988,650,650,0,1482,0,1,1,0,3,1,7,0,2009,Normal,143000
6,5,1950,1950,932,0,0,932,0,0,1,0,2,1,4,0,2007,Normal,124000
5,4,1959,1959,1466,0,0,1466,0,0,1,1,3,1,6,0,2006,Normal,149900
6,7,1956,2004,1073,0,0,1811,0,0,1,0,2,1,6,0,2006,Abnorml,230000
6,8,1930,2007,816,0,0,816,0,0,1,0,2,1,5,0,2008,Normal,120500
7,6,1965,1988,864,918,0,1820,0,0,1,2,4,1,8,60,2008,Normal,201800
5,8,1976,2004,1437,0,0,1437,1,0,2,0,3,1,6,0,2007,Normal,218000
5,8,1965,1999,1219,0,0,1265,0,1,2,0,3,1,6,0,2008,Normal,179900
7,5,2007,2008,1314,0,0,1314,1,0,2,0,2,1,6,172,2009,Normal,230000
8,5,2007,2008,1580,0,0,1580,0,0,2,0,3,1,7,0,2008,Partial,235128
6,6,1974,1974,901,933,0,1876,0,0,2,1,4,1,8,0,2008,Normal,185000
6,5,1978,1978,855,601,0,1456,0,0,2,1,3,1,7,26,2010,Normal,146000
6,7,1954,2006,1296,0,0,1640,1,0,1,0,3,1,7,108,2008,Normal,224000
5,5,1968,1968,894,0,0,894,0,0,1,0,3,1,5,0,2007,Normal,129000
4,4,1969,1969,1198,0,0,1258,2,0,0,2,0,2,6,120,2008,Alloca,108959
5,7,1978,1978,1360,0,0,1432,1,0,1,1,2,1,5,168,2007,Normal,194000
7,5,2009,2009,1502,0,0,1502,0,0,2,0,3,1,7,0,2009,Partial,233170
8,5,2008,2008,1694,0,0,1694,0,0,2,0,3,1,7,160,2010,Normal,245350
6,5,2000,2000,959,712,0,1671,1,0,2,1,3,1,7,0,2006,Normal,173000
6,7,1935,1986,1127,872,0,2108,0,0,2,0,4,1,7,0,2008,Normal,235000
10,5,1995,1996,1930,1796,0,3627,1,0,3,1,4,1,10,361,2006,Normal,625000
6,6,1977,1977,1096,0,0,1118,1,0,1,0,3,1,6,203,2008,Normal,171000
6,6,1958,1958,1261,0,0,1261,1,0,1,0,3,1,6,0,2008,Normal,163000
7,5,2006,2007,625,625,0,1250,0,0,2,1,2,1,5,0,2008,Normal,171900
5,6,1946,1994,1598,971,479,3086,0,0,3,0,3,1,12,122,2007,Normal,200500
6,8,1932,1950,952,1175,0,2345,0,0,2,1,4,1,9,0,2006,Normal,239000
8,5,1992,2000,1683,743,0,2872,0,0,2,1,4,1,9,0,2007,Normal,285000
5,5,1984,1985,876,0,0,923,1,0,1,0,3,1,5,362,2008,Normal,119500
6,8,1926,2004,818,406,0,1224,0,0,1,0,3,1,5,0,2009,Normal,115000
5,6,1921,1950,731,523,0,1343,0,0,1,1,3,1,7,192,2009,Normal,154900
5,5,1954,1954,0,0,0,1124,0,0,1,0,3,1,5,0,2006,Normal,93000
7,5,1990,1991,1216,1216,0,2514,0,0,2,1,4,1,8,0,2006,Normal,250000
8,5,2008,2008,1600,0,0,1652,1,1,2,0,2,1,5,162,2008,Partial,392500
10,5,1996,1996,2396,2065,0,4476,1,0,3,1,4,1,10,171,2007,Abnorml,745000
5,6,1920,1950,1120,0,0,1130,1,0,1,0,2,1,5,229,2006,Normal,120000
5,4,1963,1963,1572,0,0,1572,1,0,1,1,3,1,5,0,2007,Normal,186700
5,7,1924,1950,784,272,0,1221,1,0,1,0,4,1,7,0,2006,Normal,104900
3,5,1900,1970,978,685,0,1699,1,0,2,0,3,2,7,0,2009,Abnorml,95000
8,5,1994,1995,1624,0,0,1624,1,0,2,0,2,1,5,0,2006,Normal,262000
7,5,2002,2002,831,829,0,1660,0,0,2,1,3,1,7,144,2009,Normal,195000
7,5,1999,1999,994,776,0,1804,0,0,2,1,3,1,7,140,2010,Normal,189000
4,4,1961,1975,1249,0,0,1622,1,0,1,0,3,1,7,439,2007,Normal,168000
8,5,1999,2000,776,677,0,1441,0,0,2,1,2,1,5,206,2007,Normal,174000
5,8,1925,1994,702,630,0,1472,0,0,1,0,3,1,6,0,2007,Normal,125000
6,5,1999,1999,1224,0,0,1224,1,0,2,0,2,1,5,0,2009,Normal,165000
6,7,1969,1969,663,689,0,1352,0,0,1,1,4,1,7,379,2010,Normal,158000
6,5,2005,2005,728,728,0,1456,0,0,2,1,3,1,8,100,2008,Normal,176000
7,5,2006,2006,879,984,0,1863,0,0,2,1,4,1,9,100,2006,Partial,219210
7,6,1916,1950,815,875,0,1690,0,0,1,0,3,1,7,0,2006,Normal,144000
7,5,2001,2001,1212,0,0,1212,0,0,2,0,3,1,6,356,2009,Normal,178000
4,5,1963,1979,1051,0,0,1382,0,0,1,1,3,1,6,0,2006,Normal,148000
4,5,1970,1970,864,0,0,864,0,0,1,0,3,1,5,0,2006,Abnorml,116050
7,5,1998,1998,866,913,0,1779,0,0,2,1,3,1,6,198,2009,Normal,197900
5,8,1925,1997,884,464,0,1348,1,0,1,0,3,1,5,0,2009,Normal,117000
7,5,2000,2001,1630,0,0,1630,0,0,2,0,3,1,6,74,2009,Normal,213000
5,6,1975,1975,1056,0,0,1074,1,0,1,1,3,1,6,0,2006,Normal,153500
7,7,1990,1991,2158,0,0,2196,0,0,2,0,3,1,7,84,2009,Normal,271900
4,4,1966,1966,1056,0,0,1056,1,0,1,0,2,1,5,0,2006,Normal,107000
6,5,2003,2003,1682,0,0,1700,1,0,2,0,3,1,7,192,2006,Normal,200000
5,7,1962,1980,931,0,0,1283,1,0,1,0,3,1,6,0,2008,Normal,140000
8,5,2006,2006,1660,0,0,1660,1,0,2,0,3,1,8,322,2006,Partial,290000
6,5,1992,1992,1055,790,0,1845,0,0,2,1,3,1,8,635,2010,Normal,189000
8,7,1988,2005,559,672,0,1752,0,0,2,0,4,1,8,325,2010,Normal,164000
4,6,1941,1950,672,0,0,672,1,0,1,0,2,1,4,0,2009,Normal,113000
4,9,1965,2001,648,0,0,960,1,1,0,0,0,1,3,88,2006,Normal,145000
5,5,1962,1962,925,0,0,999,1,0,1,0,3,1,6,150,2006,Normal,134500
5,5,1966,1966,894,0,0,894,0,0,1,0,3,1,5,0,2007,Normal,125000
6,5,1978,1978,0,584,0,1902,0,0,2,0,4,2,8,0,2010,Normal,112000
8,5,2009,2009,1300,0,0,1314,1,0,2,0,3,1,6,135,2009,Partial,229456
4,5,1947,1950,0,240,0,912,0,0,1,0,2,1,3,0,2006,Normal,80500
6,5,1971,1971,672,546,0,1218,0,0,1,1,3,1,7,201,2006,Abnorml,91500
5,5,1964,1964,912,0,0,912,0,0,1,0,2,1,5,0,2006,Abnorml,115000
5,5,1968,1968,952,0,0,1211,0,0,1,0,3,1,5,0,2008,Normal,134000
6,6,1949,1950,1040,678,0,1846,0,0,2,0,3,1,7,0,2007,Normal,143000
5,3,1951,1951,2136,0,0,2136,0,0,2,0,4,1,7,0,2006,Normal,137900
7,5,2004,2005,788,702,0,1490,1,0,2,1,3,1,8,100,2008,Normal,184000
6,8,1958,1958,588,0,0,1138,0,1,1,0,3,1,6,224,2007,Normal,145000
6,5,2007,2007,894,1039,0,1933,0,0,2,1,4,1,9,100,2008,Normal,214000
5,8,1965,2008,912,0,0,912,1,0,1,0,2,1,5,0,2008,Normal,147000
9,5,2008,2008,1702,0,0,1702,1,0,1,1,1,1,7,0,2008,Partial,367294
5,5,1960,1960,1075,0,0,1507,0,0,2,0,4,1,7,0,2008,Normal,127000
5,5,1977,1977,1361,1259,0,2620,0,0,2,2,4,2,12,155,2007,Normal,190000
5,6,1962,1962,1106,0,0,1190,1,0,1,0,3,1,6,0,2006,Normal,132500
4,5,1962,1962,0,0,0,1224,0,0,2,0,2,2,6,0,2007,Normal,101800
5,5,1959,1959,1188,0,0,1188,1,0,1,0,3,1,6,0,2010,Abnorml,142000
5,6,1911,1950,940,940,0,1964,0,0,1,1,4,1,7,0,2008,Abnorml,130000
5,5,1914,1950,747,892,0,1784,0,0,1,1,4,1,9,203,2006,Normal,138887
7,5,2003,2003,764,862,0,1626,0,0,2,1,2,1,6,0,2010,Normal,175500
7,5,2004,2005,847,1101,0,1948,0,0,2,1,4,1,8,100,2006,Normal,195000
6,5,2005,2005,1141,0,0,1141,0,0,1,1,3,1,6,0,2006,Abnorml,142500
8,5,2006,2006,1476,0,0,1484,0,0,2,0,2,1,6,120,2007,Normal,265900
7,5,2003,2003,884,884,0,1768,1,0,2,1,3,1,8,0,2008,Normal,224900
7,6,2007,2007,1689,0,0,1689,0,0,2,0,3,1,7,0,2007,Partial,248328
7,6,1974,1974,1053,0,0,1173,1,0,2,0,3,1,6,0,2010,Family,170000
10,5,2006,2006,2076,0,0,2076,1,0,2,1,2,1,7,216,2006,Partial,465000
8,7,1929,1950,792,725,0,1517,0,0,1,0,3,1,7,0,2006,Normal,230000
6,7,1984,2003,585,728,0,1868,0,0,3,1,3,1,7,268,2007,Abnorml,178000
7,5,2005,2006,756,797,0,1553,0,0,2,1,3,1,6,0,2006,Partial,186500
6,5,1976,1976,1012,0,0,1034,1,0,1,0,3,1,6,0,2010,Normal,169900
6,5,1917,1950,735,924,0,2058,0,0,1,1,3,1,8,0,2008,Normal,129500
5,7,1950,1950,876,0,0,988,0,0,1,0,3,1,6,0,2007,Normal,119000
7,5,1968,1968,2110,0,0,2110,1,0,2,1,3,1,8,0,2010,Normal,244000
7,5,2003,2003,1405,0,0,1405,0,0,2,0,2,1,6,148,2006,Normal,171750
5,6,1968,1968,864,0,0,874,1,0,1,0,3,1,5,33,2009,Normal,130000
7,7,1974,2003,1192,651,0,2167,1,0,2,1,3,1,9,220,2007,Normal,294000
7,5,2003,2004,746,896,0,1656,0,0,2,1,3,1,7,178,2008,Normal,165400
6,6,1931,1950,884,408,0,1367,0,0,1,0,3,1,6,0,2007,Normal,127500
8,5,1994,1994,1986,0,0,1987,1,0,2,0,2,1,7,262,2008,Normal,301500
5,8,1922,1950,864,0,0,864,0,0,1,0,2,1,4,0,2009,Normal,99900
7,5,2005,2005,856,0,0,1166,1,0,2,0,2,1,5,212,2008,Normal,190000
6,8,1969,1969,1054,0,0,1054,1,0,1,1,3,1,6,180,2008,Normal,151000
6,5,1999,1999,841,783,0,1675,0,0,2,1,3,1,7,0,2009,Normal,181000
5,6,1956,1956,1050,0,0,1050,0,0,1,0,2,1,5,0,2009,Normal,128900
4,5,1957,1989,1104,684,0,1788,1,0,1,0,5,1,8,120,2009,Normal,161500
6,6,1919,1950,764,764,0,1824,0,0,1,0,3,1,8,0,2007,Normal,180500
6,5,1998,1999,1405,0,0,1337,1,0,2,0,2,1,5,144,2008,Abnorml,181000
7,5,1999,1999,691,739,0,1452,1,0,2,1,3,1,6,0,2006,Normal,183900
7,4,1910,1950,925,925,0,1889,0,0,1,1,4,2,9,0,2007,Normal,122000
9,5,2008,2009,2002,0,0,2018,0,0,2,0,3,1,10,144,2010,Normal,378500
8,9,1935,1997,728,1479,0,3447,0,0,3,1,4,1,11,314,2008,Normal,381000
5,5,1958,1958,874,650,0,1524,0,0,1,1,3,1,7,0,2007,Normal,144000
7,6,1979,1979,1332,192,0,1524,2,0,0,1,0,1,4,268,2010,Normal,260000
6,7,1968,1968,1489,0,0,1489,0,0,2,0,3,1,7,0,2009,Normal,185750
5,6,1965,1965,935,0,0,935,1,0,1,0,3,1,5,180,2006,Normal,137000
6,7,1959,2006,1019,0,0,1357,1,0,1,0,2,1,5,0,2008,Normal,177000
5,6,1910,2003,661,589,0,1250,0,0,2,0,3,1,8,242,2007,Normal,139000
5,5,1948,1950,928,992,0,1920,0,0,2,0,4,2,10,0,2007,Normal,137000
6,6,1972,1972,723,660,0,1395,0,1,1,1,3,1,6,294,2009,Normal,162000
6,5,1967,1976,1680,0,0,1724,1,0,1,1,3,1,7,0,2009,Normal,197900
8,5,2002,2002,1128,903,0,2031,1,0,2,1,3,1,7,0,2008,Normal,237000
4,4,1920,1950,698,430,0,1128,0,0,1,0,2,1,6,30,2010,Abnorml,68400
7,5,2002,2002,1573,0,0,1573,1,0,2,0,3,1,6,0,2009,Normal,227000
7,5,1990,1990,1309,0,0,1339,1,0,2,0,2,1,6,0,2006,Normal,180000
5,7,1977,2008,1040,0,0,1040,0,0,2,0,3,1,5,0,2009,Normal,150500
6,5,1971,1971,912,912,0,1824,0,0,2,2,4,2,8,128,2010,Normal,139000
6,7,1919,1990,804,748,0,2447,0,0,2,0,4,1,10,272,2010,Normal,169000
6,6,1939,1950,780,587,0,1412,0,0,1,0,4,1,6,45,2009,Normal,132500
6,5,1963,1963,1328,0,0,1328,1,0,1,1,3,1,6,0,2010,Normal,143000
5,5,1964,1964,1624,0,0,1582,0,1,2,0,4,1,7,168,2006,Normal,190000
8,5,2000,2000,1501,0,0,1659,1,0,2,0,2,1,5,212,2009,Normal,278000
8,5,2006,2006,1085,850,0,1970,0,0,2,1,3,1,8,177,2006,Partial,281000
5,7,1964,1964,1152,0,0,1152,1,0,1,0,3,1,6,227,2010,Normal,180500
5,7,1972,1972,630,672,0,1302,0,0,2,1,3,1,6,185,2009,Normal,119500
5,4,1892,1965,994,994,0,2372,0,0,2,0,4,2,11,0,2009,Normal,107500
7,5,1976,1976,832,832,0,1664,0,0,2,1,4,1,8,0,2006,Normal,162900
5,7,1955,1990,864,0,0,864,1,0,1,0,2,1,5,0,2006,Normal,115000
5,5,1968,1968,1052,0,0,1052,1,0,1,1,3,1,5,356,2006,Normal,138500
5,6,1963,1963,1120,0,0,1128,1,0,2,0,3,1,6,192,2008,Normal,155000
6,5,2005,2006,547,0,0,1072,1,0,2,0,2,1,5,0,2006,Partial,140000
10,5,2008,2008,6110,950,0,5642,2,0,2,1,3,1,12,214,2008,Partial,160000
5,7,1959,1994,1246,0,0,1246,1,0,1,1,3,1,6,218,2010,Normal,154000
7,5,1999,1999,978,978,0,1983,0,0,2,1,3,1,9,0,2009,Normal,225000
6,7,1942,1950,771,741,0,1494,0,0,1,0,3,1,7,0,2009,Normal,177500
8,5,1994,1994,1165,1323,0,2526,1,0,2,1,4,1,8,309,2006,Normal,290000
7,5,2005,2005,1616,0,0,1616,0,0,2,0,3,1,7,208,2006,Normal,232000
7,5,2004,2004,976,732,0,1708,0,0,2,0,3,1,7,0,2006,Normal,130000
9,5,2006,2007,1652,0,0,1652,1,0,2,0,2,1,6,404,2009,Normal,325000
7,5,2005,2006,1368,0,0,1368,0,0,2,0,2,1,6,132,2006,Partial,202500
5,5,1994,1995,990,0,0,990,1,0,1,0,3,1,5,0,2009,Normal,138000
5,7,1948,2005,924,0,0,1122,1,0,1,0,2,1,6,0,2008,Normal,147000
6,5,1991,1991,1278,0,0,1294,1,0,2,0,3,1,6,112,2008,Normal,179200
7,8,1959,2002,1902,0,0,1902,1,0,2,0,3,1,7,0,2010,Normal,335000
7,5,2005,2007,1274,0,0,1274,1,0,2,0,3,1,6,264,2007,Partial,203000
8,5,1990,1990,1453,1357,0,2810,0,0,2,1,4,1,9,500,2007,Normal,302000
9,5,1999,1999,1393,1177,0,2599,0,0,2,1,4,1,10,668,2010,Normal,333168
4,6,1954,1954,948,0,0,948,1,0,1,0,3,1,5,0,2007,Normal,119000
6,5,1969,1969,952,1020,0,2112,0,0,2,1,4,1,9,280,2008,Normal,206900
8,5,2008,2008,1622,0,0,1630,1,0,2,0,3,1,8,172,2009,Normal,295493
7,5,2006,2007,1352,0,0,1352,0,0,2,0,2,1,5,0,2007,Partial,208900
8,5,2001,2002,1753,0,0,1787,0,0,2,0,3,1,7,198,2006,Normal,275000
4,5,1954,1954,864,0,0,948,0,0,1,0,3,1,5,0,2007,Normal,111000
6,3,1957,1957,1478,0,0,1478,1,0,1,1,3,1,6,114,2009,Normal,156500
3,6,1949,1950,0,0,0,720,0,0,1,0,2,1,4,0,2008,Normal,72500
7,5,1992,1992,750,862,0,1923,1,0,2,1,3,1,8,240,2010,Normal,190000
4,7,1940,1950,420,0,0,708,0,0,1,0,2,1,5,164,2009,Normal,82500
8,5,2006,2007,1795,0,0,1795,0,0,2,0,2,1,7,0,2007,Partial,147000
4,4,1922,1950,796,0,0,796,0,0,1,0,2,1,5,0,2008,Normal,55000
3,6,1931,2006,544,0,0,774,0,0,1,0,3,1,6,0,2007,Normal,79000
5,9,1982,2008,816,0,0,816,0,1,1,0,3,1,5,0,2008,Normal,130500
6,7,1920,1950,1510,1208,0,2792,0,0,2,0,5,1,8,0,2008,Normal,256000
7,5,1998,1998,935,677,0,1632,0,0,2,1,3,1,8,0,2006,Normal,176500
8,5,2006,2006,1588,0,0,1588,0,0,2,0,3,1,7,144,2007,Normal,227000
5,5,1976,1976,911,0,0,954,0,0,1,0,3,1,6,0,2006,Normal,132500
4,6,1938,1958,816,0,0,816,1,0,1,0,2,1,3,0,2009,Normal,100000
5,6,1938,1995,803,557,0,1360,0,0,1,1,2,1,6,0,2006,Normal,125500
5,6,1970,1970,765,600,0,1365,0,0,1,1,3,1,7,0,2009,Normal,125000
6,5,1977,1977,1350,0,0,1334,0,1,2,0,2,1,6,0,2009,Normal,167900
5,5,1973,1973,1656,0,0,1656,0,0,2,0,4,2,8,0,2008,Normal,135000
4,4,1941,1950,693,0,0,693,0,0,1,0,2,1,4,0,2006,Normal,52500
7,5,2002,2002,916,941,0,1861,1,0,2,1,3,1,8,146,2006,Normal,200000
5,7,1972,1972,864,0,0,864,0,0,1,0,3,1,5,0,2006,Normal,128500
4,5,1971,1971,858,0,0,872,0,0,1,0,3,1,5,0,2007,Normal,123000
6,5,2003,2004,1114,0,0,1114,1,0,1,0,3,1,6,0,2008,Normal,155000
8,5,2002,2002,1284,885,0,2169,0,0,2,1,3,1,7,192,2007,Normal,228500
6,6,1928,1950,896,741,0,1913,0,0,1,1,3,1,9,0,2009,Normal,177000
7,5,2006,2006,728,728,0,1456,0,0,2,1,3,1,8,0,2007,Partial,155835
4,4,1920,1950,960,0,0,960,0,0,1,0,2,1,5,0,2007,Normal,108500
7,7,1968,2003,1568,0,0,2156,0,0,2,0,3,1,9,0,2006,Normal,262500
8,5,2006,2007,1732,0,0,1776,1,0,2,0,3,1,7,0,2007,Partial,283463
7,5,1998,1998,1482,0,0,1494,1,0,2,0,3,1,5,402,2007,Normal,215000
8,5,1872,1987,684,1215,205,2358,0,0,2,0,4,1,8,0,2008,Normal,122000
5,5,1969,1969,1248,1296,0,2634,1,1,2,2,6,2,12,0,2009,Normal,200000
6,6,1962,1962,858,858,0,1716,0,0,1,1,4,1,8,0,2008,Normal,171000
6,9,1937,2000,698,390,0,1176,0,0,1,0,2,1,4,210,2009,Normal,134900
8,5,1995,1996,2033,1185,0,3238,1,0,2,1,4,1,9,283,2010,Normal,410000
7,5,2000,2000,992,873,0,1865,1,0,2,1,3,1,7,0,2008,Normal,235000
7,6,1968,1992,570,698,0,1920,0,0,3,0,4,1,8,0,2006,Normal,170000
5,5,1966,1966,864,0,0,892,0,0,1,0,3,1,5,0,2008,Normal,110000
5,6,1971,2008,1078,0,0,1078,1,0,1,1,3,1,6,0,2010,Normal,149900
6,5,2000,2000,756,804,0,1573,0,0,2,1,3,1,5,0,2010,Normal,177500
9,5,2004,2005,1980,0,0,1980,1,0,2,0,3,1,8,194,2006,Normal,315000
5,6,1921,1998,612,1611,0,2601,0,0,3,1,4,1,8,183,2008,Normal,189000
7,5,2005,2005,1530,0,0,1530,1,0,2,0,3,1,7,168,2009,Normal,260000
4,4,1920,2007,715,457,0,1738,0,0,2,0,4,1,7,55,2009,Normal,104900
6,5,2006,2007,616,796,0,1412,0,0,2,1,3,1,6,0,2007,Partial,156932
7,5,2005,2005,600,600,80,1200,0,0,2,1,2,1,4,0,2006,Abnorml,144152
7,5,2000,2000,814,860,0,1674,1,0,2,1,3,1,7,0,2010,Normal,216000
7,5,1999,1999,873,908,0,1790,1,0,2,1,3,1,7,0,2008,Abnorml,193000
5,6,1977,1977,757,550,0,1475,0,0,2,0,4,1,6,104,2006,Normal,127000
6,5,2003,2004,848,0,0,848,1,0,1,0,1,1,4,140,2009,Normal,144000
8,5,2003,2003,1657,0,0,1668,1,0,2,0,3,1,8,0,2010,Normal,232000
4,6,1920,1950,840,534,0,1374,0,0,1,0,2,1,6,0,2009,Normal,105000
6,6,1955,1996,992,0,0,1661,1,0,1,0,3,1,8,0,2008,Normal,165500
7,6,1998,1998,1108,989,0,2097,1,0,2,1,3,1,8,253,2006,Normal,274300
10,5,2001,2002,2633,0,0,2633,1,0,2,1,2,1,8,314,2007,Normal,466500
7,5,2005,2005,1026,932,0,1958,0,0,2,1,3,1,9,154,2008,Normal,250000
8,5,2007,2007,1571,0,0,1571,0,0,2,0,3,1,7,100,2007,Partial,239000
6,5,1930,1950,768,0,0,790,0,0,1,0,2,1,4,0,2008,Normal,91000
5,5,1941,1960,984,620,0,1604,0,0,2,0,3,1,6,0,2009,Normal,117000
6,5,1973,1973,483,504,0,987,0,0,1,1,2,1,5,72,2006,Normal,83000
5,5,2006,2007,384,640,0,1394,0,0,2,1,3,1,7,100,2008,Normal,167500
3,3,1914,1950,864,0,0,864,1,0,1,0,2,1,5,0,2010,Normal,58500
6,7,1970,1970,1205,0,0,2117,0,0,2,1,4,1,7,0,2008,Normal,237500
7,7,1920,1950,596,764,0,1762,1,0,1,1,4,1,8,36,2006,Normal,157000
5,7,1918,2007,816,0,0,1416,0,0,2,0,3,1,7,0,2007,Normal,112000
6,5,1939,1950,560,560,0,1258,0,0,1,0,2,1,6,0,2009,Normal,105000
4,8,1922,2007,796,358,0,1154,1,0,1,0,3,1,7,0,2010,Normal,125500
7,5,1978,1978,1392,1392,0,2784,1,0,3,1,5,1,12,0,2006,Normal,250000
6,7,1916,1950,714,862,0,2526,0,0,2,0,5,1,10,88,2007,Family,136000
9,5,2006,2007,1746,0,0,1746,1,0,2,0,3,1,7,201,2009,Normal,377500
6,6,1941,1950,735,349,0,1218,0,1,1,0,3,1,6,0,2007,Normal,131000
7,5,2000,2000,1525,0,0,1525,1,0,2,0,3,1,6,219,2006,Normal,235000
5,5,1967,1967,1584,0,0,1584,0,0,2,0,4,2,8,0,2009,Normal,124000
5,5,1967,1967,864,0,0,900,1,0,1,0,3,1,6,175,2006,Normal,123000
6,7,1905,2000,482,691,0,1912,0,0,2,0,3,2,7,0,2008,Normal,163000
7,5,2006,2006,1356,0,0,1500,1,0,2,0,2,1,6,161,2006,Partial,246578
8,5,2005,2006,1094,1349,0,2482,0,0,2,1,4,1,9,144,2007,Normal,281213
5,5,1948,1950,747,0,0,1687,1,0,1,0,3,1,7,0,2010,Normal,160000
5,8,1920,2004,939,574,0,1513,0,0,1,1,4,1,8,24,2007,Normal,137500
5,4,1950,1982,1208,768,0,1904,1,0,1,1,3,1,7,0,2009,Normal,138000
6,6,1925,1990,976,448,0,1608,0,0,2,1,3,1,7,147,2009,Normal,137450
6,7,1929,1950,862,208,0,1158,0,0,1,0,3,1,5,0,2008,Normal,120000
6,5,2004,2004,839,729,0,1593,1,0,2,1,3,1,8,100,2008,Normal,193000
7,5,2006,2006,1286,0,0,1294,0,0,2,0,2,1,6,168,2006,Partial,193879
8,5,2007,2007,1485,0,0,1464,1,0,2,0,3,1,6,168,2007,Normal,282922
3,4,1915,1950,672,520,0,1214,0,0,1,0,3,1,6,216,2006,Family,105000
8,5,2004,2005,1594,0,0,1646,1,1,2,0,2,1,5,128,2008,Normal,275000
5,7,1972,2007,768,0,0,768,1,0,1,0,2,1,5,58,2009,Normal,133000
5,5,1985,1985,833,0,0,833,1,0,1,0,3,1,5,0,2009,Normal,112000
4,7,1910,1950,622,622,0,1363,0,0,1,0,3,1,6,0,2010,Normal,125500
7,6,1986,1991,791,857,0,2093,0,0,2,1,3,1,7,364,2008,Normal,215000
7,5,2001,2001,944,896,0,1840,1,0,2,1,3,1,6,0,2009,Normal,230000
6,8,1950,2005,856,556,0,1668,0,0,1,1,3,1,6,0,2009,Normal,140000
4,5,1949,1950,0,0,0,1040,0,0,2,0,2,2,6,0,2009,Normal,90000
8,5,2005,2006,1844,0,0,1844,1,0,2,0,2,1,7,165,2009,Abnorml,257000
6,7,1923,2000,833,795,0,1848,0,0,1,1,4,1,8,0,2008,Normal,207000
7,5,2007,2007,1386,0,0,1569,0,1,2,0,1,1,7,143,2009,Normal,175900
4,6,1885,1950,777,1044,0,2290,0,0,2,0,4,2,11,0,2010,Normal,122500
8,5,1998,1998,1284,1140,0,2450,1,0,2,1,3,1,7,0,2009,Normal,340000
5,5,1963,1963,1144,0,0,1144,1,0,1,1,3,1,6,0,2008,Normal,124000
6,5,1969,1969,1844,0,0,1844,1,0,2,0,3,1,7,0,2006,Normal,223000
6,6,1968,1968,708,708,0,1416,0,0,2,1,3,1,7,0,2006,Normal,179900
6,5,1977,1977,1069,0,0,1069,0,0,2,0,2,1,4,0,2010,Normal,127500
6,5,2003,2003,848,0,0,848,1,0,1,0,1,1,3,140,2008,Normal,136500
6,7,1966,1966,697,626,0,2201,0,0,2,0,4,1,8,586,2006,Alloca,274970
5,5,1958,1983,1024,0,0,1344,1,0,1,0,2,1,6,316,2007,Normal,144000
6,6,1959,1959,1252,0,0,1252,0,0,1,0,3,1,7,0,2008,Normal,142000
7,5,1994,1994,1223,904,0,2127,1,0,2,1,3,1,5,171,2008,Normal,271000
5,6,1945,1950,913,510,0,1558,1,0,1,1,3,1,6,0,2008,Normal,140000
5,7,1940,1992,788,0,0,804,1,0,1,0,2,1,4,0,2010,Abnorml,119000
6,7,1981,1981,1440,0,0,1440,0,0,2,0,3,1,7,0,2007,Normal,182900
5,5,2005,2005,732,1104,0,1838,0,0,2,1,4,1,7,100,2006,Normal,192140
6,6,1976,1976,958,0,0,958,0,0,2,0,2,1,5,0,2009,Normal,143750
4,6,1927,2007,656,0,0,968,0,0,2,0,4,1,5,0,2007,Normal,64500
6,5,2000,2000,936,830,0,1792,1,0,2,1,3,1,8,0,2008,Normal,186500
5,5,1977,1977,1126,0,0,1126,1,0,2,0,3,1,5,295,2006,Normal,160000
6,9,1962,2005,1319,0,0,1537,1,0,1,1,3,1,7,0,2008,Abnorml,174000
4,6,1971,1971,864,0,0,864,0,0,1,0,3,1,5,0,2007,Normal,120500
8,5,2008,2008,1932,0,0,1932,1,0,2,0,2,1,7,0,2008,Partial,394617
6,7,1957,1996,912,0,0,1236,1,0,1,0,2,1,6,0,2010,Normal,149700
7,6,1979,1979,539,685,0,1725,0,0,2,1,3,1,6,0,2007,Normal,197000
6,7,1922,1994,588,748,384,2555,0,0,2,0,3,1,11,431,2008,Normal,191000
6,5,2004,2004,848,0,0,848,1,0,1,0,1,1,3,149,2008,Normal,149300
10,5,2008,2008,1017,981,0,2007,1,0,2,1,3,1,10,168,2009,Normal,310000
6,6,1916,1950,952,0,0,952,0,0,1,0,2,1,4,0,2009,Normal,121000
7,5,2004,2004,1422,0,0,1422,0,0,2,0,3,1,7,192,2007,Normal,179600
6,5,1966,1966,814,0,0,913,1,0,1,0,3,1,6,0,2007,Normal,129000
5,7,1962,1962,1188,0,0,1188,0,0,1,0,3,1,6,261,2010,Normal,157900
8,5,1995,1996,1220,870,0,2090,1,0,2,1,3,1,8,0,2007,Normal,240000
4,7,1910,2000,560,550,0,1346,0,0,1,1,2,1,6,168,2007,Normal,112000
5,7,1970,1970,630,0,0,630,1,0,1,0,1,1,3,0,2006,Abnorml,92000
5,5,1974,1974,896,896,0,1792,0,0,2,2,4,2,8,32,2009,Normal,136000
8,5,2008,2009,1573,0,0,1578,0,0,2,0,3,1,7,0,2009,Partial,287090
5,5,2005,2005,547,0,0,1072,1,0,1,0,2,1,5,0,2006,Normal,145000
5,5,2006,2006,1140,0,0,1140,0,0,1,0,3,1,6,36,2006,Abnorml,84500
7,5,2004,2005,1221,0,0,1221,1,0,2,0,2,1,6,0,2009,Normal,185000
6,5,1999,2000,953,694,0,1647,0,0,2,1,3,1,7,0,2007,Normal,175000
6,6,1978,1988,1542,0,0,2073,1,0,2,0,3,1,7,349,2010,Normal,210000
7,9,1941,2006,1152,1152,0,2340,0,0,2,0,4,1,9,0,2010,Normal,266500
5,6,1950,1996,1078,0,0,1078,1,0,1,0,2,1,5,366,2010,Normal,142125
5,6,1965,1965,1256,0,0,1256,1,0,1,1,3,1,6,736,2008,Normal,147500
